[LOG] run output → C:\Users\Anuraj\Desktop\testScraper\logs\runs\run_20260514_234408.log
[LOG] rotating package log → C:\Users\Anuraj\Desktop\testScraper\logs\runs\package.log (20MB × 10)
============================================================
BULLETPROOF MONITORING DASHBOARD
============================================================
[FEATURES] Real-time updates, infinite purchase loops
[SAFETY] Thread-safe, atomic operations, bulletproof error handling
[REALTIME] Server-Sent Events for immediate UI updates
[ARCH] stock_monitor.py + bulletproof_purchase_manager.py
[STOCK] resilient stack=1 sweeps_per_sec=3.0
============================================================
[SYSTEM] Loaded 92 activity log entries
[SYSTEM] Starting activity log persistence worker...
[PERSISTENCE] Worker loop started[PERSISTENCE] Background persistence worker started

[23:44:08] [SYSTEM] Bulletproof monitoring dashboard initialized
[23:44:08] [SYSTEM] Activity log persistence worker started
[STARTUP] Starting background initialization thread...
[BACKGROUND] ===============================================[WAITRESS] Starting production WSGI server for SSE streaming...
[BACKGROUND] Starting background initialization (PROD MODE)...
[WAITRESS] Dashboard accessible at http://127.0.0.1:5001
[BACKGROUND] ===============================================

[SYSTEM] ===============================================
[SYSTEM] Initializing global purchase manager...
[SYSTEM] ===============================================
[EVENT_LOOP] Starting global event loop in background thread...[EVENT_LOOP] ✅ Global event loop thread started

================================================================================
[INIT] BulletproofPurchaseManager Configuration:
[INIT]   enable_persistent_session: True
[INIT]   force_mock_mode: False
[INIT]   use_real_purchasing: True
[INIT]   TEST_MODE: false2026-05-14 23:44:08,517 INFO waitress: Serving on http://127.0.0.1:5001

================================================================================
[STARTUP_CLEANUP] Checking 41 purchase states for stale entries...
[STARTUP_CLEANUP] ✅ No stale purchase states found
[SESSION] [INIT] Initializing persistent session system...
2026-05-14 23:44:08,524 INFO src.session.session_manager: Generated new fingerprint: 1440x900
[SESSION] [OK] Session system components created successfully (Pool(size=1, sticky=0), primary=W1/primary)
[SESSION] [INFO] Browser will be launched when _ensure_session_ready() is called
[SYSTEM] ✅ Global purchase manager created
[SYSTEM] Initializing browser session (timeout: 90s)...
[SESSION_DEBUG] _ensure_session_ready() called
[SESSION_DEBUG] session_initialized=False
[SESSION_DEBUG] session_manager=<src.session.session_manager.SessionManager object at 0x000001C352CA8530>
[SESSION_DEBUG] session_manager.browser=None
[SESSION] ⚡ Browser NOT running - launching now (GUARANTEED)...
[SESSION] ═══════════════════════════════════════════════
[SESSION] Starting session initialization (Pool(size=1, sticky=0))...
[SESSION] ═══════════════════════════════════════════════
[SESSION] [STEP 1/3] Checking per-worker session files...
[SESSION] [WARNING] target.json has no cookies for W1/primary — auto-login may be attempted
[SESSION] [STEP 2/3] ⚡ Launching all worker browsers concurrently...
[SESSION] ⚡ Workers: ['W1/primary']
[SESSION] ⚡ W1/primary: bound to global event loop
2026-05-14 23:44:08,527 INFO src.session.session_manager: [INIT] Initializing session (attempt 1/3)...
2026-05-14 23:44:08,528 INFO src.session.session_manager: [INIT] Found session file: target.json (66 bytes, modified: 2026-05-14 23:43:55)
2026-05-14 23:44:08,528 INFO src.session.session_manager: [INIT] Session was saved at: 2026-05-14T23:43:55.610972
2026-05-14 23:44:08,528 INFO src.session.session_manager: [OK] Event loop stored
2026-05-14 23:44:08,528 INFO src.session.session_manager: [INIT] Launching nodriver with profile: nodriver-profile
[SESSION_INIT] Using nodriver persistent profile: nodriver-profile
[SESSION_INIT] Cookies persist via Chrome profile automatically!
[SESSION_INIT] UNDETECTED CHROME MODE - no automation detection!
2026-05-14 23:44:08,529 INFO zendriver.core.browser: starting
	executable :C:\Program Files (x86)\Google\Chrome\Application\chrome.exe

arguments:
--remote-allow-origins=*
	--no-first-run
	--no-service-autorun
	--no-default-browser-check
	--homepage=about:blank
	--no-pings
	--password-store=basic
	--disable-infobars
	--disable-breakpad
	--disable-component-update
	--disable-backgrounding-occluded-windows
	--disable-renderer-backgrounding
	--disable-background-networking
	--disable-dev-shm-usage
	--disable-features=IsolateOrigins,DisableLoadExtensionCommandLineSwitch,site-per-process
	--disable-session-crashed-bubble
	--disable-search-engine-choice-screen
	--user-data-dir=C:\Users\Anuraj\Desktop\testScraper\nodriver-profile
	--disable-features=IsolateOrigins,site-per-process
	--disable-session-crashed-bubble
	--window-size=1920,1080
	--remote-debugging-host=127.0.0.1
	--remote-debugging-port=51836
	--webrtc-ip-handling-policy=disable_non_proxied_udp
	--force-webrtc-ip-handling-policy
	about:blank
2026-05-14 23:44:09,566 INFO zendriver.core.browser: enabling autodiscover targets
2026-05-14 23:44:09,569 INFO src.session.session_manager: [OK] nodriver browser launched successfully
[SESSION_INIT] Browser launched - STEALTH MODE ACTIVE!
[SESSION_INIT] Chrome PID stored: 456
[SESSION_INIT] Using existing tab (1 tabs open)
2026-05-14 23:44:09,570 INFO src.session.session_manager: [FINGERPRINT] Live UA read from browser: Mozilla/5.0 (Windows NT 10.0; Win64; x64) AppleWebKit/537.36 (KHTML, like Gecko)
[SESSION_INIT] UA synced from live Chrome: Mozilla/5.0 (Windows NT 10.0; Win64; x64) AppleWebKit/537.36 (KHTML, like Gecko)
[SESSION_INIT] Session file has no cookies
[SESSION_INIT] Navigating to target.com...
[SESSION_INIT] Navigation successful! URL: https://www.target.com/
[SESSION_INIT] Page rendering complete
[SESSION_INIT] Browser ready at target.com!

[SESSION_INIT] Setting up CDP cookie interception...
2026-05-14 23:44:10,648 INFO src.session.session_manager: [CDP_COOKIE] Setting up response handler...
2026-05-14 23:44:10,649 INFO src.session.session_manager: [CDP_COOKIE] ResponseReceived handler registered
2026-05-14 23:44:10,649 INFO src.session.session_manager: [CDP_COOKIE] Real-time cookie interception ACTIVE
[CDP_COOKIE] Cookie interception system activated!
[SESSION_INIT] CDP cookie interception ready!
[SESSION_INIT] Starting cookie watchdog...
2026-05-14 23:44:10,649 INFO src.session.session_manager: [WATCHDOG] Cookie watchdog started successfully
[SESSION_INIT] Cookie watchdog active!
2026-05-14 23:44:10,649 INFO src.session.session_manager: [OK] Session initialized with nodriver (undetected Chrome)
[WARMUP] Opening new background warmup tab...
2026-05-14 23:44:10,650 INFO src.session.session_manager: [WATCHDOG] Cookie watchdog loop started
[WARMUP] Warmup tab opened, URL=https://www.target.com/cart
[INTERCEPTOR:warmup] cdp.fetch.enable() sent with pattern *carts.target.com* + checkout RESPONSE (attempt 1)
[INTERCEPTOR:warmup] Added cdp.fetch to enabled_domains
[INTERCEPTOR:warmup] CDP fetch interceptor ready (total RequestPaused handlers on tab: 1)
[WARMUP] Firing dummy POST to trigger Shape header capture...
[WARMUP] Waiting for carts.target.com POST interception (up to 1.5s)...
[INTERCEPTOR:warmup] OPTIONS https://carts.target.com/web_checkouts/v1/cart_items?field_groups=CART,CART_ITEM — skipping cache (not POST, has 6 headers, 0 X-headers)
[INTERCEPTOR:warmup]   cache preserved: 0 headers, 0 Shape tokens, age=-1.0s
[INTERCEPTOR:warmup] OPTIONS https://carts.target.com/web_checkouts/v1/lite_carts?cart_type=REGULAR&key=e59ce — skipping cache (not POST, has 7 headers, 0 X-headers)
[INTERCEPTOR:warmup]   cache preserved: 0 headers, 0 Shape tokens, age=-1.0s
[INTERCEPTOR:warmup] GET https://carts.target.com/web_checkouts/v1/lite_carts?cart_type=REGULAR&key=e59ce — skipping cache (not POST, has 9 headers, 1 X-headers)
[INTERCEPTOR:warmup]   cache preserved: 0 headers, 0 Shape tokens, age=-1.0s
[INTERCEPTOR:warmup] OPTIONS https://carts.target.com/web_checkouts/v1/cart?cart_type=REGULAR&field_groups=AD — skipping cache (not POST, has 7 headers, 0 X-headers)
[INTERCEPTOR:warmup]   cache preserved: 0 headers, 0 Shape tokens, age=-1.0s
[INTERCEPTOR:warmup] PUT https://carts.target.com/web_checkouts/v1/cart?cart_type=REGULAR&field_groups=AD — skipping cache (not POST, has 10 headers, 1 X-headers)
[INTERCEPTOR:warmup]   cache preserved: 0 headers, 0 Shape tokens, age=-1.0s
[INTERCEPTOR:warmup] OPTIONS https://carts.target.com/web_checkouts/v1/cart_views?cart_type=SFL&field_groups= — skipping cache (not POST, has 7 headers, 0 X-headers)
[INTERCEPTOR:warmup]   cache preserved: 0 headers, 0 Shape tokens, age=-1.0s
[INTERCEPTOR:warmup] GET https://carts.target.com/web_checkouts/v1/cart_views?cart_type=SFL&field_groups= — skipping cache (not POST, has 9 headers, 1 X-headers)
[INTERCEPTOR:warmup]   cache preserved: 0 headers, 0 Shape tokens, age=-1.0s
[WARMUP] TIMEOUT after 1.6s — cache not refreshed (POST may have been intercepted but skipped by preserve rule; cache age=-1s)
[WARMUP] Stale headers available: False, age=-1s
[SESSION] [OK] ✅ W1/primary: init 2.12s, warmup 1.63s
[SESSION] [STEP 3/3] Keep-alive disabled - stock API calls maintain session
[SESSION] ═══════════════════════════════════════════════
[SESSION] ✅ 1/1 workers ready in 3.8s total (concurrent init)
[SESSION] ═══════════════════════════════════════════════
[SYSTEM] ✅ Browser session initialized successfully
[23:44:12] [SYSTEM] Global purchase manager initialized - browser ready
[SYSTEM] ===============================================
[LOGIN_CHECK] 'Hi,' greeting found — logged in
[BACKGROUND] Login check result: True
✅ LOGGED IN TO TARGET.COM — starting monitoring with REAL purchases
[START_MONITORING] ===============================================
[START_MONITORING] Initializing monitoring system...
[START_MONITORING] ===============================================
[START_MONITORING] Checking global_purchase_manager: <src.purchasing.bulletproof_purchase_manager.BulletproofPurchaseManager object at 0x000001C352C73A10>
[START_MONITORING] [OK] global_purchase_manager already initialized
[START_MONITORING] Creating StockMonitor instance...
[PROXY] Loaded 12 proxies — rate: 0.80 checks/sec
[START_MONITORING] [OK] Test monitor initialized for simulated stock data
[START_MONITORING] Running initial stock check to pre-populate data...
[START_MONITORING] ✓ Pre-populated stock data for 24 products
[START_MONITORING] Initial Stock Status - IN STOCK: []
[START_MONITORING] Initial Stock Status - OUT OF STOCK: ['1011206804', '94681790', '94300069', '1008581387', '95163305', '95163306', '95225595', '95120834', '95082118', '95093982', '95093981', '95093989', '94681776', '93954446', '94681784', '94860231', '94884496', '94300067', '95298172', '1010679865', '95267143', '94886127', '94681782', '94300072']
[START_MONITORING] Creating monitoring thread...
[START_MONITORING] Starting monitoring thread...
[MONITORING_LOOP] ===============================================[START_MONITORING] [OK] Monitoring thread started: MonitoringLoop (is_alive: True)
[MONITORING_LOOP] Starting bulletproof event-driven architecture...

[MONITORING_LOOP] ===============================================
[MONITORING_LOOP] Creating StockMonitorThread...
[PROXY] Loaded 12 proxies — rate: 0.80 checks/sec
2026-05-14 23:44:13,125 INFO src.proxy.proxy_state: [PROXY_STATE] loaded 37 entries
[RESILIENT] browser-native stack engaged — 12 proxies, 24 TCINs, sweeps_per_sec=3.0
[RESILIENT] browser-native stack engaged (USE_RESILIENT_STACK=1, sweeps_per_sec=3.0)
[PROXY] resilient mode active — running alongside tab-fetch path
[23:44:13] [SYSTEM] Stock monitoring active (resilient): 1 workers + tab-fetch every 15-25s[MONITORING_LOOP] [OK] StockMonitorThread created

[MONITORING_LOOP] Creating PurchaseManagerThread...
[MONITORING_LOOP] Using global_purchase_manager: <src.purchasing.bulletproof_purchase_manager.BulletproofPurchaseManager object at 0x000001C352C73A10>
[MONITORING_LOOP] Using global_event_loop: <ProactorEventLoop running=True closed=False debug=False>
[SYSTEM] Using global purchase manager instance
[SYSTEM] Using global event loop
[SYSTEM] Core bulletproof monitoring active
[MONITORING_LOOP] [OK] PurchaseManagerThread created
[MONITORING_LOOP] Wired stock_monitor onto purchase manager (suspend-during-purchase)
[MONITORING_LOOP] Setting monitor_running=True...
[MONITORING_LOOP] [VERIFY] monitor_running: True
[MONITORING_LOOP] Starting stock_thread...
[23:44:13] [TIMER] Server startup: starting 10s initial timer (ensures full sync)
[23:44:13] [SYSTEM] Stock monitor thread started[MONITORING_LOOP] [OK] stock_thread started (is_alive: True)

[MONITORING_LOOP] Starting purchase_thread...
[SYSTEM] Skipping session initialization (using global manager)
[PURCHASE_MANAGER] Starting 5-second completion monitoring...
[23:44:13] [SYSTEM] Purchase manager thread started[MONITORING_LOOP] [OK] purchase_thread started (is_alive: True)

[MONITORING_LOOP] ===============================================
[MONITORING_LOOP] ✅ All threads started successfully
[MONITORING_LOOP] Entering health monitoring loop...
[MONITORING_LOOP] ===============================================
[23:44:13] [SYSTEM] Bulletproof event-driven monitoring started
2026-05-14 23:44:13,129 INFO src.proxy.local_forwarder: [FORWARDER] 127.0.0.1:24000 → brd.superproxy.io:33335 (exit_ip=168.158.142.216)
2026-05-14 23:44:13,130 INFO src.proxy.local_forwarder: [FORWARDER] 127.0.0.1:24001 → brd.superproxy.io:33335 (exit_ip=31.105.18.86)
2026-05-14 23:44:13,130 INFO src.proxy.local_forwarder: [FORWARDER] 127.0.0.1:24002 → brd.superproxy.io:33335 (exit_ip=31.98.154.172)
2026-05-14 23:44:13,130 INFO src.proxy.local_forwarder: [FORWARDER] 127.0.0.1:24003 → brd.superproxy.io:33335 (exit_ip=161.77.42.224)
2026-05-14 23:44:13,130 INFO src.proxy.local_forwarder: [FORWARDER] 127.0.0.1:24004 → brd.superproxy.io:33335 (exit_ip=158.46.208.136)
2026-05-14 23:44:13,130 INFO src.proxy.local_forwarder: [FORWARDER] 127.0.0.1:24005 → brd.superproxy.io:33335 (exit_ip=91.108.222.168)
2026-05-14 23:44:13,131 INFO src.proxy.local_forwarder: [FORWARDER] 127.0.0.1:24006 → brd.superproxy.io:33335 (exit_ip=178.171.4.144)
2026-05-14 23:44:13,131 INFO src.proxy.local_forwarder: [FORWARDER] 127.0.0.1:24007 → brd.superproxy.io:33335 (exit_ip=176.46.135.20)
2026-05-14 23:44:13,131 INFO src.proxy.local_forwarder: [FORWARDER] 127.0.0.1:24008 → brd.superproxy.io:33335 (exit_ip=72.56.171.184)
2026-05-14 23:44:13,132 INFO src.proxy.local_forwarder: [FORWARDER] 127.0.0.1:24009 → brd.superproxy.io:33335 (exit_ip=31.204.25.87)
2026-05-14 23:44:13,132 INFO src.proxy.local_forwarder: [FORWARDER] 127.0.0.1:24010 → brd.superproxy.io:33335 (exit_ip=92.112.18.99)
2026-05-14 23:44:13,132 INFO src.proxy.local_forwarder: [FORWARDER] 127.0.0.1:24011 → brd.superproxy.io:33335 (exit_ip=185.97.0.176)
2026-05-14 23:44:13,132 INFO src.proxy.local_forwarder: [FORWARDER] started 12 listeners
2026-05-14 23:44:13,132 INFO src.session.multi_session_pool: [MULTI_SESSION] launching 12 persistent Chromes (stagger=30s, gap≈2.5s/session)
2026-05-14 23:44:13,134 INFO zendriver.core.browser: starting
	executable :C:\Program Files (x86)\Google\Chrome\Application\chrome.exe

arguments:
--remote-allow-origins=*
	--no-first-run
	--no-service-autorun
	--no-default-browser-check
	--homepage=about:blank
	--no-pings
	--password-store=basic
	--disable-infobars
	--disable-breakpad
	--disable-component-update
	--disable-backgrounding-occluded-windows
	--disable-renderer-backgrounding
	--disable-background-networking
	--disable-dev-shm-usage
	--disable-features=IsolateOrigins,DisableLoadExtensionCommandLineSwitch,site-per-process
	--disable-session-crashed-bubble
	--disable-search-engine-choice-screen
	--user-data-dir=C:\Users\Anuraj\Desktop\testScraper\state\session_profiles\s1
	--disable-features=IsolateOrigins,site-per-process
	--disable-session-crashed-bubble
	--proxy-server=127.0.0.1:24000
	--window-size=1024,768
	--disable-extensions
	--disable-default-apps
	--disable-sync
	--no-experiments
	--metrics-recording-only
	--safebrowsing-disable-auto-update
	--disable-client-side-phishing-detection
	--disable-domain-reliability
	--disable-features=IsolateOrigins,site-per-process,OptimizationHints,Translate,MediaRouter,DialMediaRouteProvider,InterestFeedV2,CalculateNativeWinOcclusion,AccountConsistency,SafeBrowsingEnhancedProtectionMessageInInterstitials
	--remote-debugging-host=127.0.0.1
	--remote-debugging-port=55253
	--webrtc-ip-handling-policy=disable_non_proxied_udp
	--force-webrtc-ip-handling-policy
	about:blank
[START_MONITORING] [VERIFY] shared_data.monitor_running: True
[START_MONITORING] ===============================================
[23:44:13] [SYSTEM] Background monitoring started
[START_MONITORING] Monitoring system initialization complete
[23:44:13] [SYSTEM] System ready - monitoring active with real purchases
============================================================
✅ INITIALIZATION COMPLETE
============================================================
2026-05-14 23:44:14,160 INFO zendriver.core.browser: enabling autodiscover targets
2026-05-14 23:44:24,044 INFO src.session.multi_session_pool: [MULTI_SESSION] s1 (168.158.142.216) ready cookies=11 visitor_id=019E2550... (10.9s)
2026-05-14 23:44:26,638 INFO zendriver.core.browser: starting
	executable :C:\Program Files (x86)\Google\Chrome\Application\chrome.exe

arguments:
--remote-allow-origins=*
	--no-first-run
	--no-service-autorun
	--no-default-browser-check
	--homepage=about:blank
	--no-pings
	--password-store=basic
	--disable-infobars
	--disable-breakpad
	--disable-component-update
	--disable-backgrounding-occluded-windows
	--disable-renderer-backgrounding
	--disable-background-networking
	--disable-dev-shm-usage
	--disable-features=IsolateOrigins,DisableLoadExtensionCommandLineSwitch,site-per-process
	--disable-session-crashed-bubble
	--disable-search-engine-choice-screen
	--user-data-dir=C:\Users\Anuraj\Desktop\testScraper\state\session_profiles\s2
	--disable-features=IsolateOrigins,site-per-process
	--disable-session-crashed-bubble
	--proxy-server=127.0.0.1:24001
	--window-size=1024,768
	--disable-extensions
	--disable-default-apps
	--disable-sync
	--no-experiments
	--metrics-recording-only
	--safebrowsing-disable-auto-update
	--disable-client-side-phishing-detection
	--disable-domain-reliability
	--disable-features=IsolateOrigins,site-per-process,OptimizationHints,Translate,MediaRouter,DialMediaRouteProvider,InterestFeedV2,CalculateNativeWinOcclusion,AccountConsistency,SafeBrowsingEnhancedProtectionMessageInInterstitials
	--remote-debugging-host=127.0.0.1
	--remote-debugging-port=61190
	--webrtc-ip-handling-policy=disable_non_proxied_udp
	--force-webrtc-ip-handling-policy
	about:blank
2026-05-14 23:44:27,654 INFO zendriver.core.browser: enabling autodiscover targets
2026-05-14 23:44:36,517 INFO src.session.multi_session_pool: [MULTI_SESSION] s2 (31.105.18.86) ready cookies=11 visitor_id=019E2550... (9.9s)
2026-05-14 23:44:39,610 INFO zendriver.core.browser: starting
	executable :C:\Program Files (x86)\Google\Chrome\Application\chrome.exe

arguments:
--remote-allow-origins=*
	--no-first-run
	--no-service-autorun
	--no-default-browser-check
	--homepage=about:blank
	--no-pings
	--password-store=basic
	--disable-infobars
	--disable-breakpad
	--disable-component-update
	--disable-backgrounding-occluded-windows
	--disable-renderer-backgrounding
	--disable-background-networking
	--disable-dev-shm-usage
	--disable-features=IsolateOrigins,DisableLoadExtensionCommandLineSwitch,site-per-process
	--disable-session-crashed-bubble
	--disable-search-engine-choice-screen
	--user-data-dir=C:\Users\Anuraj\Desktop\testScraper\state\session_profiles\s3
	--disable-features=IsolateOrigins,site-per-process
	--disable-session-crashed-bubble
	--proxy-server=127.0.0.1:24002
	--window-size=1024,768
	--disable-extensions
	--disable-default-apps
	--disable-sync
	--no-experiments
	--metrics-recording-only
	--safebrowsing-disable-auto-update
	--disable-client-side-phishing-detection
	--disable-domain-reliability
	--disable-features=IsolateOrigins,site-per-process,OptimizationHints,Translate,MediaRouter,DialMediaRouteProvider,InterestFeedV2,CalculateNativeWinOcclusion,AccountConsistency,SafeBrowsingEnhancedProtectionMessageInInterstitials
	--remote-debugging-host=127.0.0.1
	--remote-debugging-port=54265
	--webrtc-ip-handling-policy=disable_non_proxied_udp
	--force-webrtc-ip-handling-policy
	about:blank
2026-05-14 23:44:40,616 INFO zendriver.core.browser: enabling autodiscover targets
2026-05-14 23:44:49,453 INFO src.session.multi_session_pool: [MULTI_SESSION] s3 (31.98.154.172) ready cookies=11 visitor_id=019E2550... (9.8s)
2026-05-14 23:44:51,713 INFO zendriver.core.browser: starting
	executable :C:\Program Files (x86)\Google\Chrome\Application\chrome.exe

arguments:
--remote-allow-origins=*
	--no-first-run
	--no-service-autorun
	--no-default-browser-check
	--homepage=about:blank
	--no-pings
	--password-store=basic
	--disable-infobars
	--disable-breakpad
	--disable-component-update
	--disable-backgrounding-occluded-windows
	--disable-renderer-backgrounding
	--disable-background-networking
	--disable-dev-shm-usage
	--disable-features=IsolateOrigins,DisableLoadExtensionCommandLineSwitch,site-per-process
	--disable-session-crashed-bubble
	--disable-search-engine-choice-screen
	--user-data-dir=C:\Users\Anuraj\Desktop\testScraper\state\session_profiles\s4
	--disable-features=IsolateOrigins,site-per-process
	--disable-session-crashed-bubble
	--proxy-server=127.0.0.1:24003
	--window-size=1024,768
	--disable-extensions
	--disable-default-apps
	--disable-sync
	--no-experiments
	--metrics-recording-only
	--safebrowsing-disable-auto-update
	--disable-client-side-phishing-detection
	--disable-domain-reliability
	--disable-features=IsolateOrigins,site-per-process,OptimizationHints,Translate,MediaRouter,DialMediaRouteProvider,InterestFeedV2,CalculateNativeWinOcclusion,AccountConsistency,SafeBrowsingEnhancedProtectionMessageInInterstitials
	--remote-debugging-host=127.0.0.1
	--remote-debugging-port=58899
	--webrtc-ip-handling-policy=disable_non_proxied_udp
	--force-webrtc-ip-handling-policy
	about:blank
2026-05-14 23:44:52,735 INFO zendriver.core.browser: enabling autodiscover targets
2026-05-14 23:45:01,809 INFO src.session.multi_session_pool: [MULTI_SESSION] s4 (161.77.42.224) ready cookies=11 visitor_id=019E2551... (10.1s)
2026-05-14 23:45:03,920 INFO zendriver.core.browser: starting
	executable :C:\Program Files (x86)\Google\Chrome\Application\chrome.exe

arguments:
--remote-allow-origins=*
	--no-first-run
	--no-service-autorun
	--no-default-browser-check
	--homepage=about:blank
	--no-pings
	--password-store=basic
	--disable-infobars
	--disable-breakpad
	--disable-component-update
	--disable-backgrounding-occluded-windows
	--disable-renderer-backgrounding
	--disable-background-networking
	--disable-dev-shm-usage
	--disable-features=IsolateOrigins,DisableLoadExtensionCommandLineSwitch,site-per-process
	--disable-session-crashed-bubble
	--disable-search-engine-choice-screen
	--user-data-dir=C:\Users\Anuraj\Desktop\testScraper\state\session_profiles\s5
	--disable-features=IsolateOrigins,site-per-process
	--disable-session-crashed-bubble
	--proxy-server=127.0.0.1:24004
	--window-size=1024,768
	--disable-extensions
	--disable-default-apps
	--disable-sync
	--no-experiments
	--metrics-recording-only
	--safebrowsing-disable-auto-update
	--disable-client-side-phishing-detection
	--disable-domain-reliability
	--disable-features=IsolateOrigins,site-per-process,OptimizationHints,Translate,MediaRouter,DialMediaRouteProvider,InterestFeedV2,CalculateNativeWinOcclusion,AccountConsistency,SafeBrowsingEnhancedProtectionMessageInInterstitials
	--remote-debugging-host=127.0.0.1
	--remote-debugging-port=64876
	--webrtc-ip-handling-policy=disable_non_proxied_udp
	--force-webrtc-ip-handling-policy
	about:blank
2026-05-14 23:45:04,940 INFO zendriver.core.browser: enabling autodiscover targets
2026-05-14 23:45:10,667 INFO src.session.session_manager: [WATCHDOG] Checking cookies...
2026-05-14 23:45:10,672 INFO src.session.session_manager: [WATCHDOG] Found 54 Target.com cookies
2026-05-14 23:45:10,672 WARNING src.session.session_manager: [WATCHDOG] 'accessToken' is SESSION cookie - needs fixing!
2026-05-14 23:45:10,672 WARNING src.session.session_manager: [WATCHDOG] 'idToken' is SESSION cookie - needs fixing!
2026-05-14 23:45:10,672 INFO src.session.session_manager: [WATCHDOG] 'refreshToken' OK (90.0 days left)
2026-05-14 23:45:10,672 WARNING src.session.session_manager: [WATCHDOG] 'login-session' is SESSION cookie - needs fixing!
2026-05-14 23:45:10,672 INFO src.session.session_manager: [WATCHDOG] Fixing 'accessToken' via CDP (converting to persistent)
2026-05-14 23:45:10,673 INFO src.session.session_manager: [WATCHDOG] 'accessToken' fixed via CDP
[WATCHDOG] Fixed 'accessToken' - now persistent for 30 days
2026-05-14 23:45:10,673 INFO src.session.session_manager: [WATCHDOG] Fixing 'idToken' via CDP (converting to persistent)
2026-05-14 23:45:10,674 INFO src.session.session_manager: [WATCHDOG] 'idToken' fixed via CDP
[WATCHDOG] Fixed 'idToken' - now persistent for 30 days
2026-05-14 23:45:10,674 INFO src.session.session_manager: [WATCHDOG] Fixing 'login-session' via CDP (converting to persistent)
2026-05-14 23:45:10,674 INFO src.session.session_manager: [WATCHDOG] 'login-session' fixed via CDP
[WATCHDOG] Fixed 'login-session' - now persistent for 30 days
2026-05-14 23:45:13,798 INFO src.session.multi_session_pool: [MULTI_SESSION] s5 (158.46.208.136) ready cookies=11 visitor_id=019E2551... (9.9s)
2026-05-14 23:45:16,413 INFO zendriver.core.browser: starting
	executable :C:\Program Files (x86)\Google\Chrome\Application\chrome.exe

arguments:
--remote-allow-origins=*
	--no-first-run
	--no-service-autorun
	--no-default-browser-check
	--homepage=about:blank
	--no-pings
	--password-store=basic
	--disable-infobars
	--disable-breakpad
	--disable-component-update
	--disable-backgrounding-occluded-windows
	--disable-renderer-backgrounding
	--disable-background-networking
	--disable-dev-shm-usage
	--disable-features=IsolateOrigins,DisableLoadExtensionCommandLineSwitch,site-per-process
	--disable-session-crashed-bubble
	--disable-search-engine-choice-screen
	--user-data-dir=C:\Users\Anuraj\Desktop\testScraper\state\session_profiles\s6
	--disable-features=IsolateOrigins,site-per-process
	--disable-session-crashed-bubble
	--proxy-server=127.0.0.1:24005
	--window-size=1024,768
	--disable-extensions
	--disable-default-apps
	--disable-sync
	--no-experiments
	--metrics-recording-only
	--safebrowsing-disable-auto-update
	--disable-client-side-phishing-detection
	--disable-domain-reliability
	--disable-features=IsolateOrigins,site-per-process,OptimizationHints,Translate,MediaRouter,DialMediaRouteProvider,InterestFeedV2,CalculateNativeWinOcclusion,AccountConsistency,SafeBrowsingEnhancedProtectionMessageInInterstitials
	--remote-debugging-host=127.0.0.1
	--remote-debugging-port=63442
	--webrtc-ip-handling-policy=disable_non_proxied_udp
	--force-webrtc-ip-handling-policy
	about:blank
2026-05-14 23:45:17,413 INFO zendriver.core.browser: enabling autodiscover targets
2026-05-14 23:45:26,531 INFO src.session.multi_session_pool: [MULTI_SESSION] s6 (91.108.222.168) ready cookies=11 visitor_id=019E2551... (10.1s)
2026-05-14 23:45:29,028 INFO zendriver.core.browser: starting
	executable :C:\Program Files (x86)\Google\Chrome\Application\chrome.exe

arguments:
--remote-allow-origins=*
	--no-first-run
	--no-service-autorun
	--no-default-browser-check
	--homepage=about:blank
	--no-pings
	--password-store=basic
	--disable-infobars
	--disable-breakpad
	--disable-component-update
	--disable-backgrounding-occluded-windows
	--disable-renderer-backgrounding
	--disable-background-networking
	--disable-dev-shm-usage
	--disable-features=IsolateOrigins,DisableLoadExtensionCommandLineSwitch,site-per-process
	--disable-session-crashed-bubble
	--disable-search-engine-choice-screen
	--user-data-dir=C:\Users\Anuraj\Desktop\testScraper\state\session_profiles\s7
	--disable-features=IsolateOrigins,site-per-process
	--disable-session-crashed-bubble
	--proxy-server=127.0.0.1:24006
	--window-size=1024,768
	--disable-extensions
	--disable-default-apps
	--disable-sync
	--no-experiments
	--metrics-recording-only
	--safebrowsing-disable-auto-update
	--disable-client-side-phishing-detection
	--disable-domain-reliability
	--disable-features=IsolateOrigins,site-per-process,OptimizationHints,Translate,MediaRouter,DialMediaRouteProvider,InterestFeedV2,CalculateNativeWinOcclusion,AccountConsistency,SafeBrowsingEnhancedProtectionMessageInInterstitials
	--remote-debugging-host=127.0.0.1
	--remote-debugging-port=62622
	--webrtc-ip-handling-policy=disable_non_proxied_udp
	--force-webrtc-ip-handling-policy
	about:blank
2026-05-14 23:45:30,046 INFO zendriver.core.browser: enabling autodiscover targets
2026-05-14 23:45:38,874 INFO src.session.multi_session_pool: [MULTI_SESSION] s7 (178.171.4.144) ready cookies=11 visitor_id=019E2551... (9.8s)
2026-05-14 23:45:40,641 INFO zendriver.core.browser: starting
	executable :C:\Program Files (x86)\Google\Chrome\Application\chrome.exe

arguments:
--remote-allow-origins=*
	--no-first-run
	--no-service-autorun
	--no-default-browser-check
	--homepage=about:blank
	--no-pings
	--password-store=basic
	--disable-infobars
	--disable-breakpad
	--disable-component-update
	--disable-backgrounding-occluded-windows
	--disable-renderer-backgrounding
	--disable-background-networking
	--disable-dev-shm-usage
	--disable-features=IsolateOrigins,DisableLoadExtensionCommandLineSwitch,site-per-process
	--disable-session-crashed-bubble
	--disable-search-engine-choice-screen
	--user-data-dir=C:\Users\Anuraj\Desktop\testScraper\state\session_profiles\s8
	--disable-features=IsolateOrigins,site-per-process
	--disable-session-crashed-bubble
	--proxy-server=127.0.0.1:24007
	--window-size=1024,768
	--disable-extensions
	--disable-default-apps
	--disable-sync
	--no-experiments
	--metrics-recording-only
	--safebrowsing-disable-auto-update
	--disable-client-side-phishing-detection
	--disable-domain-reliability
	--disable-features=IsolateOrigins,site-per-process,OptimizationHints,Translate,MediaRouter,DialMediaRouteProvider,InterestFeedV2,CalculateNativeWinOcclusion,AccountConsistency,SafeBrowsingEnhancedProtectionMessageInInterstitials
	--remote-debugging-host=127.0.0.1
	--remote-debugging-port=55614
	--webrtc-ip-handling-policy=disable_non_proxied_udp
	--force-webrtc-ip-handling-policy
	about:blank
2026-05-14 23:45:41,654 INFO zendriver.core.browser: enabling autodiscover targets
2026-05-14 23:45:50,469 INFO src.session.multi_session_pool: [MULTI_SESSION] s8 (176.46.135.20) ready cookies=11 visitor_id=019E2551... (9.8s)
2026-05-14 23:45:53,070 INFO zendriver.core.browser: starting
	executable :C:\Program Files (x86)\Google\Chrome\Application\chrome.exe

arguments:
--remote-allow-origins=*
	--no-first-run
	--no-service-autorun
	--no-default-browser-check
	--homepage=about:blank
	--no-pings
	--password-store=basic
	--disable-infobars
	--disable-breakpad
	--disable-component-update
	--disable-backgrounding-occluded-windows
	--disable-renderer-backgrounding
	--disable-background-networking
	--disable-dev-shm-usage
	--disable-features=IsolateOrigins,DisableLoadExtensionCommandLineSwitch,site-per-process
	--disable-session-crashed-bubble
	--disable-search-engine-choice-screen
	--user-data-dir=C:\Users\Anuraj\Desktop\testScraper\state\session_profiles\s9
	--disable-features=IsolateOrigins,site-per-process
	--disable-session-crashed-bubble
	--proxy-server=127.0.0.1:24008
	--window-size=1024,768
	--disable-extensions
	--disable-default-apps
	--disable-sync
	--no-experiments
	--metrics-recording-only
	--safebrowsing-disable-auto-update
	--disable-client-side-phishing-detection
	--disable-domain-reliability
	--disable-features=IsolateOrigins,site-per-process,OptimizationHints,Translate,MediaRouter,DialMediaRouteProvider,InterestFeedV2,CalculateNativeWinOcclusion,AccountConsistency,SafeBrowsingEnhancedProtectionMessageInInterstitials
	--remote-debugging-host=127.0.0.1
	--remote-debugging-port=56706
	--webrtc-ip-handling-policy=disable_non_proxied_udp
	--force-webrtc-ip-handling-policy
	about:blank
2026-05-14 23:45:54,076 INFO zendriver.core.browser: enabling autodiscover targets
2026-05-14 23:46:03,471 INFO src.session.multi_session_pool: [MULTI_SESSION] s9 (72.56.171.184) ready cookies=11 visitor_id=019E2552... (10.4s)
2026-05-14 23:46:05,958 INFO zendriver.core.browser: starting
	executable :C:\Program Files (x86)\Google\Chrome\Application\chrome.exe

arguments:
--remote-allow-origins=*
	--no-first-run
	--no-service-autorun
	--no-default-browser-check
	--homepage=about:blank
	--no-pings
	--password-store=basic
	--disable-infobars
	--disable-breakpad
	--disable-component-update
	--disable-backgrounding-occluded-windows
	--disable-renderer-backgrounding
	--disable-background-networking
	--disable-dev-shm-usage
	--disable-features=IsolateOrigins,DisableLoadExtensionCommandLineSwitch,site-per-process
	--disable-session-crashed-bubble
	--disable-search-engine-choice-screen
	--user-data-dir=C:\Users\Anuraj\Desktop\testScraper\state\session_profiles\s10
	--disable-features=IsolateOrigins,site-per-process
	--disable-session-crashed-bubble
	--proxy-server=127.0.0.1:24009
	--window-size=1024,768
	--disable-extensions
	--disable-default-apps
	--disable-sync
	--no-experiments
	--metrics-recording-only
	--safebrowsing-disable-auto-update
	--disable-client-side-phishing-detection
	--disable-domain-reliability
	--disable-features=IsolateOrigins,site-per-process,OptimizationHints,Translate,MediaRouter,DialMediaRouteProvider,InterestFeedV2,CalculateNativeWinOcclusion,AccountConsistency,SafeBrowsingEnhancedProtectionMessageInInterstitials
	--remote-debugging-host=127.0.0.1
	--remote-debugging-port=62392
	--webrtc-ip-handling-policy=disable_non_proxied_udp
	--force-webrtc-ip-handling-policy
	about:blank
2026-05-14 23:46:06,951 INFO zendriver.core.browser: enabling autodiscover targets
2026-05-14 23:46:10,698 INFO src.session.session_manager: [WATCHDOG] Checking cookies...
2026-05-14 23:46:10,702 INFO src.session.session_manager: [WATCHDOG] Found 54 Target.com cookies
2026-05-14 23:46:10,702 INFO src.session.session_manager: [WATCHDOG] 'accessToken' OK (30.0 days left)
2026-05-14 23:46:10,702 INFO src.session.session_manager: [WATCHDOG] 'idToken' OK (30.0 days left)
2026-05-14 23:46:10,703 INFO src.session.session_manager: [WATCHDOG] 'refreshToken' OK (90.0 days left)
2026-05-14 23:46:10,703 INFO src.session.session_manager: [WATCHDOG] 'login-session' OK (30.0 days left)
2026-05-14 23:46:10,703 INFO src.session.session_manager: [WATCHDOG] All cookies healthy!
2026-05-14 23:46:15,690 INFO src.session.multi_session_pool: [MULTI_SESSION] s10 (31.204.25.87) ready cookies=11 visitor_id=019E2552... (9.7s)
2026-05-14 23:46:17,867 INFO zendriver.core.browser: starting
	executable :C:\Program Files (x86)\Google\Chrome\Application\chrome.exe

arguments:
--remote-allow-origins=*
	--no-first-run
	--no-service-autorun
	--no-default-browser-check
	--homepage=about:blank
	--no-pings
	--password-store=basic
	--disable-infobars
	--disable-breakpad
	--disable-component-update
	--disable-backgrounding-occluded-windows
	--disable-renderer-backgrounding
	--disable-background-networking
	--disable-dev-shm-usage
	--disable-features=IsolateOrigins,DisableLoadExtensionCommandLineSwitch,site-per-process
	--disable-session-crashed-bubble
	--disable-search-engine-choice-screen
	--user-data-dir=C:\Users\Anuraj\Desktop\testScraper\state\session_profiles\s11
	--disable-features=IsolateOrigins,site-per-process
	--disable-session-crashed-bubble
	--proxy-server=127.0.0.1:24010
	--window-size=1024,768
	--disable-extensions
	--disable-default-apps
	--disable-sync
	--no-experiments
	--metrics-recording-only
	--safebrowsing-disable-auto-update
	--disable-client-side-phishing-detection
	--disable-domain-reliability
	--disable-features=IsolateOrigins,site-per-process,OptimizationHints,Translate,MediaRouter,DialMediaRouteProvider,InterestFeedV2,CalculateNativeWinOcclusion,AccountConsistency,SafeBrowsingEnhancedProtectionMessageInInterstitials
	--remote-debugging-host=127.0.0.1
	--remote-debugging-port=50257
	--webrtc-ip-handling-policy=disable_non_proxied_udp
	--force-webrtc-ip-handling-policy
	about:blank
2026-05-14 23:46:18,873 INFO zendriver.core.browser: enabling autodiscover targets
2026-05-14 23:46:28,009 INFO src.session.multi_session_pool: [MULTI_SESSION] s11 (92.112.18.99) ready cookies=11 visitor_id=019E2552... (10.1s)
2026-05-14 23:46:30,609 INFO zendriver.core.browser: starting
	executable :C:\Program Files (x86)\Google\Chrome\Application\chrome.exe

arguments:
--remote-allow-origins=*
	--no-first-run
	--no-service-autorun
	--no-default-browser-check
	--homepage=about:blank
	--no-pings
	--password-store=basic
	--disable-infobars
	--disable-breakpad
	--disable-component-update
	--disable-backgrounding-occluded-windows
	--disable-renderer-backgrounding
	--disable-background-networking
	--disable-dev-shm-usage
	--disable-features=IsolateOrigins,DisableLoadExtensionCommandLineSwitch,site-per-process
	--disable-session-crashed-bubble
	--disable-search-engine-choice-screen
	--user-data-dir=C:\Users\Anuraj\Desktop\testScraper\state\session_profiles\s12
	--disable-features=IsolateOrigins,site-per-process
	--disable-session-crashed-bubble
	--proxy-server=127.0.0.1:24011
	--window-size=1024,768
	--disable-extensions
	--disable-default-apps
	--disable-sync
	--no-experiments
	--metrics-recording-only
	--safebrowsing-disable-auto-update
	--disable-client-side-phishing-detection
	--disable-domain-reliability
	--disable-features=IsolateOrigins,site-per-process,OptimizationHints,Translate,MediaRouter,DialMediaRouteProvider,InterestFeedV2,CalculateNativeWinOcclusion,AccountConsistency,SafeBrowsingEnhancedProtectionMessageInInterstitials
	--remote-debugging-host=127.0.0.1
	--remote-debugging-port=61965
	--webrtc-ip-handling-policy=disable_non_proxied_udp
	--force-webrtc-ip-handling-policy
	about:blank
2026-05-14 23:46:31,615 INFO zendriver.core.browser: enabling autodiscover targets
2026-05-14 23:46:40,688 INFO src.session.multi_session_pool: [MULTI_SESSION] s12 (185.97.0.176) ready cookies=11 visitor_id=019E2552... (10.1s)
2026-05-14 23:46:40,691 INFO src.session.multi_session_pool: [MULTI_SESSION] started — 12/12 sessions ready, dispatcher cleared to begin sweeping
2026-05-14 23:46:40,691 INFO src.monitoring.stock_check_resilient: [STOCK] started: sweeps/sec=3.0 behavioral_mix=0.00 tcins=24 proxies=12
[PROXY] Loaded 12 proxies — rate: 0.80 checks/sec
[PROXY] Loaded 12 proxies — rate: 0.80 checks/sec
[SSE] Client 4a465bfa-ffc2-46b3-892e-d38ba1d08ce5 connected (total clients: 1)
2026-05-14 23:47:10,688 INFO src.monitoring.stock_check_resilient: [STOCK STATS] t=30.0s sweeps=92 (3.07/s) 200=91 403=0 other=0 beh=0 outstanding=1 sessions=12r/0c/0rc pool A=16 P=0 B=21
2026-05-14 23:47:10,720 INFO src.session.session_manager: [WATCHDOG] Checking cookies...
2026-05-14 23:47:10,724 INFO src.session.session_manager: [WATCHDOG] Found 54 Target.com cookies
2026-05-14 23:47:10,724 INFO src.session.session_manager: [WATCHDOG] 'accessToken' OK (30.0 days left)
2026-05-14 23:47:10,724 INFO src.session.session_manager: [WATCHDOG] 'idToken' OK (30.0 days left)
2026-05-14 23:47:10,724 INFO src.session.session_manager: [WATCHDOG] 'refreshToken' OK (90.0 days left)
2026-05-14 23:47:10,724 INFO src.session.session_manager: [WATCHDOG] 'login-session' OK (30.0 days left)
2026-05-14 23:47:10,724 INFO src.session.session_manager: [WATCHDOG] All cookies healthy!
[SSE] Client 4a465bfa-ffc2-46b3-892e-d38ba1d08ce5 disconnected (remaining: 0)
2026-05-14 23:47:17,310 INFO waitress: Client disconnected while serving /api/stream
2026-05-14 23:47:40,712 INFO src.monitoring.stock_check_resilient: [STOCK STATS] t=60.0s sweeps=182 (3.03/s) 200=182 403=0 other=0 beh=0 outstanding=0 sessions=12r/0c/0rc pool A=16 P=0 B=21
2026-05-14 23:48:10,726 INFO src.monitoring.stock_check_resilient: [STOCK STATS] t=90.0s sweeps=270 (3.0/s) 200=270 403=0 other=0 beh=0 outstanding=0 sessions=12r/0c/0rc pool A=16 P=0 B=21
2026-05-14 23:48:10,726 INFO src.session.session_manager: [WATCHDOG] Checking cookies...
2026-05-14 23:48:10,732 INFO src.session.session_manager: [WATCHDOG] Found 54 Target.com cookies
2026-05-14 23:48:10,733 INFO src.session.session_manager: [WATCHDOG] 'accessToken' OK (30.0 days left)
2026-05-14 23:48:10,733 INFO src.session.session_manager: [WATCHDOG] 'idToken' OK (30.0 days left)
2026-05-14 23:48:10,733 INFO src.session.session_manager: [WATCHDOG] 'refreshToken' OK (90.0 days left)
2026-05-14 23:48:10,733 INFO src.session.session_manager: [WATCHDOG] 'login-session' OK (30.0 days left)
2026-05-14 23:48:10,733 INFO src.session.session_manager: [WATCHDOG] All cookies healthy!
2026-05-14 23:48:40,739 INFO src.monitoring.stock_check_resilient: [STOCK STATS] t=120.0s sweeps=362 (3.02/s) 200=361 403=0 other=0 beh=0 outstanding=1 sessions=12r/0c/0rc pool A=16 P=0 B=21
2026-05-14 23:49:10,739 INFO src.monitoring.stock_check_resilient: [STOCK STATS] t=150.0s sweeps=450 (3.0/s) 200=450 403=0 other=0 beh=0 outstanding=0 sessions=11r/0c/0rc pool A=16 P=0 B=21
2026-05-14 23:49:10,739 INFO src.session.session_manager: [WATCHDOG] Checking cookies...
2026-05-14 23:49:10,744 INFO src.session.session_manager: [WATCHDOG] Found 55 Target.com cookies
2026-05-14 23:49:10,746 INFO src.session.session_manager: [WATCHDOG] 'accessToken' OK (30.0 days left)
2026-05-14 23:49:10,746 INFO src.session.session_manager: [WATCHDOG] 'idToken' OK (30.0 days left)
2026-05-14 23:49:10,746 INFO src.session.session_manager: [WATCHDOG] 'refreshToken' OK (90.0 days left)
2026-05-14 23:49:10,746 INFO src.session.session_manager: [WATCHDOG] 'login-session' OK (30.0 days left)
2026-05-14 23:49:10,746 INFO src.session.session_manager: [WATCHDOG] All cookies healthy!
2026-05-14 23:49:40,750 INFO src.monitoring.stock_check_resilient: [STOCK STATS] t=180.1s sweeps=540 (3.0/s) 200=540 403=0 other=0 beh=0 outstanding=0 sessions=12r/0c/0rc pool A=16 P=0 B=21
2026-05-14 23:50:10,743 INFO src.session.session_manager: [WATCHDOG] Checking cookies...
2026-05-14 23:50:10,745 INFO src.monitoring.stock_check_resilient: [STOCK STATS] t=210.1s sweeps=628 (2.99/s) 200=628 403=0 other=0 beh=0 outstanding=0 sessions=12r/0c/0rc pool A=16 P=0 B=21
2026-05-14 23:50:10,748 INFO src.session.session_manager: [WATCHDOG] Found 55 Target.com cookies
2026-05-14 23:50:10,748 INFO src.session.session_manager: [WATCHDOG] 'accessToken' OK (30.0 days left)
2026-05-14 23:50:10,748 INFO src.session.session_manager: [WATCHDOG] 'idToken' OK (30.0 days left)
2026-05-14 23:50:10,748 INFO src.session.session_manager: [WATCHDOG] 'refreshToken' OK (90.0 days left)
2026-05-14 23:50:10,748 INFO src.session.session_manager: [WATCHDOG] 'login-session' OK (30.0 days left)
2026-05-14 23:50:10,748 INFO src.session.session_manager: [WATCHDOG] All cookies healthy!
2026-05-14 23:50:40,739 INFO src.monitoring.stock_check_resilient: [STOCK STATS] t=240.0s sweeps=717 (2.99/s) 200=717 403=0 other=0 beh=0 outstanding=0 sessions=12r/0c/0rc pool A=16 P=0 B=21
2026-05-14 23:51:10,758 INFO src.monitoring.stock_check_resilient: [STOCK STATS] t=270.1s sweeps=807 (2.99/s) 200=807 403=0 other=0 beh=0 outstanding=0 sessions=12r/0c/0rc pool A=16 P=0 B=21
2026-05-14 23:51:10,773 INFO src.session.session_manager: [WATCHDOG] Checking cookies...
2026-05-14 23:51:10,780 INFO src.session.session_manager: [WATCHDOG] Found 55 Target.com cookies
2026-05-14 23:51:10,781 INFO src.session.session_manager: [WATCHDOG] 'accessToken' OK (30.0 days left)
2026-05-14 23:51:10,781 INFO src.session.session_manager: [WATCHDOG] 'idToken' OK (30.0 days left)
2026-05-14 23:51:10,781 INFO src.session.session_manager: [WATCHDOG] 'refreshToken' OK (90.0 days left)
2026-05-14 23:51:10,781 INFO src.session.session_manager: [WATCHDOG] 'login-session' OK (30.0 days left)
2026-05-14 23:51:10,781 INFO src.session.session_manager: [WATCHDOG] All cookies healthy!
2026-05-14 23:51:40,740 INFO src.monitoring.stock_check_resilient: [STOCK STATS] t=300.0s sweeps=897 (2.99/s) 200=896 403=0 other=0 beh=0 outstanding=1 sessions=12r/0c/0rc pool A=16 P=0 B=21
2026-05-14 23:52:10,739 INFO src.monitoring.stock_check_resilient: [STOCK STATS] t=330.0s sweeps=987 (2.99/s) 200=986 403=0 other=0 beh=0 outstanding=1 sessions=12r/0c/0rc pool A=16 P=0 B=21
2026-05-14 23:52:10,800 INFO src.session.session_manager: [WATCHDOG] Checking cookies...
2026-05-14 23:52:10,806 INFO src.session.session_manager: [WATCHDOG] Found 55 Target.com cookies
2026-05-14 23:52:10,806 INFO src.session.session_manager: [WATCHDOG] 'accessToken' OK (30.0 days left)
2026-05-14 23:52:10,806 INFO src.session.session_manager: [WATCHDOG] 'idToken' OK (30.0 days left)
2026-05-14 23:52:10,806 INFO src.session.session_manager: [WATCHDOG] 'refreshToken' OK (90.0 days left)
2026-05-14 23:52:10,806 INFO src.session.session_manager: [WATCHDOG] 'login-session' OK (30.0 days left)
2026-05-14 23:52:10,806 INFO src.session.session_manager: [WATCHDOG] All cookies healthy!
2026-05-14 23:52:40,759 INFO src.monitoring.stock_check_resilient: [STOCK STATS] t=360.1s sweeps=1077 (2.99/s) 200=1076 403=0 other=0 beh=0 outstanding=1 sessions=12r/0c/0rc pool A=16 P=0 B=21
2026-05-14 23:53:10,772 INFO src.monitoring.stock_check_resilient: [STOCK STATS] t=390.1s sweeps=1166 (2.99/s) 200=1165 403=0 other=0 beh=0 outstanding=1 sessions=12r/0c/0rc pool A=16 P=0 B=21
2026-05-14 23:53:10,818 INFO src.session.session_manager: [WATCHDOG] Checking cookies...
2026-05-14 23:53:10,824 INFO src.session.session_manager: [WATCHDOG] Found 55 Target.com cookies
2026-05-14 23:53:10,824 INFO src.session.session_manager: [WATCHDOG] 'accessToken' OK (30.0 days left)
2026-05-14 23:53:10,824 INFO src.session.session_manager: [WATCHDOG] 'idToken' OK (30.0 days left)
2026-05-14 23:53:10,824 INFO src.session.session_manager: [WATCHDOG] 'refreshToken' OK (90.0 days left)
2026-05-14 23:53:10,824 INFO src.session.session_manager: [WATCHDOG] 'login-session' OK (30.0 days left)
2026-05-14 23:53:10,824 INFO src.session.session_manager: [WATCHDOG] All cookies healthy!
2026-05-14 23:53:40,784 INFO src.monitoring.stock_check_resilient: [STOCK STATS] t=420.1s sweeps=1254 (2.99/s) 200=1254 403=0 other=0 beh=0 outstanding=0 sessions=12r/0c/0rc pool A=16 P=0 B=21
2026-05-14 23:54:10,779 INFO src.monitoring.stock_check_resilient: [STOCK STATS] t=450.1s sweeps=1345 (2.99/s) 200=1344 403=0 other=0 beh=0 outstanding=1 sessions=12r/0c/0rc pool A=16 P=0 B=21
2026-05-14 23:54:10,825 INFO src.session.session_manager: [WATCHDOG] Checking cookies...
2026-05-14 23:54:10,829 INFO src.session.session_manager: [WATCHDOG] Found 55 Target.com cookies
2026-05-14 23:54:10,829 INFO src.session.session_manager: [WATCHDOG] 'accessToken' OK (30.0 days left)
2026-05-14 23:54:10,829 INFO src.session.session_manager: [WATCHDOG] 'idToken' OK (30.0 days left)
2026-05-14 23:54:10,830 INFO src.session.session_manager: [WATCHDOG] 'refreshToken' OK (90.0 days left)
2026-05-14 23:54:10,830 INFO src.session.session_manager: [WATCHDOG] 'login-session' OK (30.0 days left)
2026-05-14 23:54:10,830 INFO src.session.session_manager: [WATCHDOG] All cookies healthy!
2026-05-14 23:54:40,785 INFO src.monitoring.stock_check_resilient: [STOCK STATS] t=480.1s sweeps=1435 (2.99/s) 200=1434 403=0 other=0 beh=0 outstanding=1 sessions=12r/0c/0rc pool A=16 P=0 B=21
2026-05-14 23:55:10,780 INFO src.monitoring.stock_check_resilient: [STOCK STATS] t=510.1s sweeps=1524 (2.99/s) 200=1524 403=0 other=0 beh=0 outstanding=0 sessions=12r/0c/0rc pool A=16 P=0 B=21
2026-05-14 23:55:10,842 INFO src.session.session_manager: [WATCHDOG] Checking cookies...
2026-05-14 23:55:10,847 INFO src.session.session_manager: [WATCHDOG] Found 55 Target.com cookies
2026-05-14 23:55:10,847 INFO src.session.session_manager: [WATCHDOG] 'accessToken' OK (30.0 days left)
2026-05-14 23:55:10,848 INFO src.session.session_manager: [WATCHDOG] 'idToken' OK (30.0 days left)
2026-05-14 23:55:10,848 INFO src.session.session_manager: [WATCHDOG] 'refreshToken' OK (90.0 days left)
2026-05-14 23:55:10,848 INFO src.session.session_manager: [WATCHDOG] 'login-session' OK (30.0 days left)
2026-05-14 23:55:10,848 INFO src.session.session_manager: [WATCHDOG] All cookies healthy!
2026-05-14 23:55:40,788 INFO src.monitoring.stock_check_resilient: [STOCK STATS] t=540.1s sweeps=1614 (2.99/s) 200=1614 403=0 other=0 beh=0 outstanding=0 sessions=12r/0c/0rc pool A=16 P=0 B=21
2026-05-14 23:56:10,794 INFO src.monitoring.stock_check_resilient: [STOCK STATS] t=570.1s sweeps=1704 (2.99/s) 200=1704 403=0 other=0 beh=0 outstanding=0 sessions=12r/0c/0rc pool A=16 P=0 B=21
2026-05-14 23:56:10,857 INFO src.session.session_manager: [WATCHDOG] Checking cookies...
2026-05-14 23:56:10,862 INFO src.session.session_manager: [WATCHDOG] Found 55 Target.com cookies
2026-05-14 23:56:10,862 INFO src.session.session_manager: [WATCHDOG] 'accessToken' OK (30.0 days left)
2026-05-14 23:56:10,862 INFO src.session.session_manager: [WATCHDOG] 'idToken' OK (30.0 days left)
2026-05-14 23:56:10,862 INFO src.session.session_manager: [WATCHDOG] 'refreshToken' OK (90.0 days left)
2026-05-14 23:56:10,862 INFO src.session.session_manager: [WATCHDOG] 'login-session' OK (30.0 days left)
2026-05-14 23:56:10,862 INFO src.session.session_manager: [WATCHDOG] All cookies healthy!
2026-05-14 23:56:40,778 INFO src.monitoring.stock_check_resilient: [STOCK STATS] t=600.1s sweeps=1795 (2.99/s) 200=1795 403=0 other=0 beh=0 outstanding=0 sessions=12r/0c/0rc pool A=16 P=0 B=21
2026-05-14 23:57:10,781 INFO src.monitoring.stock_check_resilient: [STOCK STATS] t=630.1s sweeps=1883 (2.99/s) 200=1882 403=0 other=0 beh=0 outstanding=1 sessions=12r/0c/0rc pool A=16 P=0 B=21
2026-05-14 23:57:10,874 INFO src.session.session_manager: [WATCHDOG] Checking cookies...
2026-05-14 23:57:10,879 INFO src.session.session_manager: [WATCHDOG] Found 55 Target.com cookies
2026-05-14 23:57:10,880 INFO src.session.session_manager: [WATCHDOG] 'accessToken' OK (30.0 days left)
2026-05-14 23:57:10,880 INFO src.session.session_manager: [WATCHDOG] 'idToken' OK (30.0 days left)
2026-05-14 23:57:10,880 INFO src.session.session_manager: [WATCHDOG] 'refreshToken' OK (90.0 days left)
2026-05-14 23:57:10,880 INFO src.session.session_manager: [WATCHDOG] 'login-session' OK (30.0 days left)
2026-05-14 23:57:10,880 INFO src.session.session_manager: [WATCHDOG] All cookies healthy!
2026-05-14 23:57:40,788 INFO src.monitoring.stock_check_resilient: [STOCK STATS] t=660.1s sweeps=1972 (2.99/s) 200=1971 403=0 other=0 beh=0 outstanding=1 sessions=12r/0c/0rc pool A=16 P=0 B=21
2026-05-14 23:58:10,765 INFO src.monitoring.stock_check_resilient: [STOCK STATS] t=690.1s sweeps=2061 (2.99/s) 200=2061 403=0 other=0 beh=0 outstanding=0 sessions=12r/0c/0rc pool A=16 P=0 B=21
2026-05-14 23:58:10,888 INFO src.session.session_manager: [WATCHDOG] Checking cookies...
2026-05-14 23:58:10,892 INFO src.session.session_manager: [WATCHDOG] Found 55 Target.com cookies
2026-05-14 23:58:10,892 INFO src.session.session_manager: [WATCHDOG] 'accessToken' OK (30.0 days left)
2026-05-14 23:58:10,892 INFO src.session.session_manager: [WATCHDOG] 'idToken' OK (30.0 days left)
2026-05-14 23:58:10,893 INFO src.session.session_manager: [WATCHDOG] 'refreshToken' OK (90.0 days left)
2026-05-14 23:58:10,893 INFO src.session.session_manager: [WATCHDOG] 'login-session' OK (30.0 days left)
2026-05-14 23:58:10,893 INFO src.session.session_manager: [WATCHDOG] All cookies healthy!
2026-05-14 23:58:40,786 INFO src.monitoring.stock_check_resilient: [STOCK STATS] t=720.1s sweeps=2152 (2.99/s) 200=2151 403=0 other=0 beh=0 outstanding=1 sessions=12r/0c/0rc pool A=16 P=0 B=21
2026-05-14 23:59:10,789 INFO src.monitoring.stock_check_resilient: [STOCK STATS] t=750.1s sweeps=2241 (2.99/s) 200=2241 403=0 other=0 beh=0 outstanding=0 sessions=12r/0c/0rc pool A=16 P=0 B=21
2026-05-14 23:59:10,908 INFO src.session.session_manager: [WATCHDOG] Checking cookies...
2026-05-14 23:59:10,914 INFO src.session.session_manager: [WATCHDOG] Found 55 Target.com cookies
2026-05-14 23:59:10,914 INFO src.session.session_manager: [WATCHDOG] 'accessToken' OK (30.0 days left)
2026-05-14 23:59:10,914 INFO src.session.session_manager: [WATCHDOG] 'idToken' OK (30.0 days left)
2026-05-14 23:59:10,914 INFO src.session.session_manager: [WATCHDOG] 'refreshToken' OK (90.0 days left)
2026-05-14 23:59:10,914 INFO src.session.session_manager: [WATCHDOG] 'login-session' OK (30.0 days left)
2026-05-14 23:59:10,914 INFO src.session.session_manager: [WATCHDOG] All cookies healthy!
2026-05-14 23:59:40,787 INFO src.monitoring.stock_check_resilient: [STOCK STATS] t=780.1s sweeps=2329 (2.99/s) 200=2329 403=0 other=0 beh=0 outstanding=0 sessions=11r/0c/0rc pool A=16 P=0 B=21
2026-05-15 00:00:10,786 INFO src.monitoring.stock_check_resilient: [STOCK STATS] t=810.1s sweeps=2420 (2.99/s) 200=2419 403=0 other=1 beh=0 outstanding=0 sessions=12r/0c/0rc pool A=16 P=0 B=21
2026-05-15 00:00:10,895 INFO src.session.session_manager: [WATCHDOG] Checking cookies...
2026-05-15 00:00:10,900 INFO src.session.session_manager: [WATCHDOG] Found 55 Target.com cookies
2026-05-15 00:00:10,901 INFO src.session.session_manager: [WATCHDOG] 'accessToken' OK (30.0 days left)
2026-05-15 00:00:10,901 INFO src.session.session_manager: [WATCHDOG] 'idToken' OK (30.0 days left)
2026-05-15 00:00:10,901 INFO src.session.session_manager: [WATCHDOG] 'refreshToken' OK (90.0 days left)
2026-05-15 00:00:10,901 INFO src.session.session_manager: [WATCHDOG] 'login-session' OK (30.0 days left)
2026-05-15 00:00:10,901 INFO src.session.session_manager: [WATCHDOG] All cookies healthy!
2026-05-15 00:00:40,783 INFO src.monitoring.stock_check_resilient: [STOCK STATS] t=840.1s sweeps=2507 (2.98/s) 200=2506 403=0 other=1 beh=0 outstanding=0 sessions=12r/0c/0rc pool A=16 P=0 B=21
2026-05-15 00:01:10,795 INFO src.monitoring.stock_check_resilient: [STOCK STATS] t=870.1s sweeps=2597 (2.98/s) 200=2596 403=0 other=1 beh=0 outstanding=0 sessions=12r/0c/0rc pool A=16 P=0 B=21
2026-05-15 00:01:10,919 INFO src.session.session_manager: [WATCHDOG] Checking cookies...
2026-05-15 00:01:10,925 INFO src.session.session_manager: [WATCHDOG] Found 55 Target.com cookies
2026-05-15 00:01:10,925 INFO src.session.session_manager: [WATCHDOG] 'accessToken' OK (30.0 days left)
2026-05-15 00:01:10,925 INFO src.session.session_manager: [WATCHDOG] 'idToken' OK (30.0 days left)
2026-05-15 00:01:10,925 INFO src.session.session_manager: [WATCHDOG] 'refreshToken' OK (90.0 days left)
2026-05-15 00:01:10,925 INFO src.session.session_manager: [WATCHDOG] 'login-session' OK (30.0 days left)
2026-05-15 00:01:10,925 INFO src.session.session_manager: [WATCHDOG] All cookies healthy!
2026-05-15 00:01:40,781 INFO src.monitoring.stock_check_resilient: [STOCK STATS] t=900.1s sweeps=2687 (2.99/s) 200=2686 403=0 other=1 beh=0 outstanding=0 sessions=12r/0c/0rc pool A=16 P=0 B=21
2026-05-15 00:02:10,774 INFO src.monitoring.stock_check_resilient: [STOCK STATS] t=930.1s sweeps=2778 (2.99/s) 200=2776 403=0 other=1 beh=0 outstanding=1 sessions=12r/0c/0rc pool A=16 P=0 B=21
2026-05-15 00:02:10,943 INFO src.session.session_manager: [WATCHDOG] Checking cookies...
2026-05-15 00:02:10,948 INFO src.session.session_manager: [WATCHDOG] Found 55 Target.com cookies
2026-05-15 00:02:10,948 INFO src.session.session_manager: [WATCHDOG] 'accessToken' OK (30.0 days left)
2026-05-15 00:02:10,948 INFO src.session.session_manager: [WATCHDOG] 'idToken' OK (30.0 days left)
2026-05-15 00:02:10,948 INFO src.session.session_manager: [WATCHDOG] 'refreshToken' OK (90.0 days left)
2026-05-15 00:02:10,948 INFO src.session.session_manager: [WATCHDOG] 'login-session' OK (30.0 days left)
2026-05-15 00:02:10,948 INFO src.session.session_manager: [WATCHDOG] All cookies healthy!
2026-05-15 00:02:40,766 INFO src.monitoring.stock_check_resilient: [STOCK STATS] t=960.1s sweeps=2867 (2.99/s) 200=2865 403=0 other=1 beh=0 outstanding=1 sessions=12r/0c/0rc pool A=16 P=0 B=21
2026-05-15 00:03:10,768 INFO src.monitoring.stock_check_resilient: [STOCK STATS] t=990.1s sweeps=2955 (2.98/s) 200=2954 403=0 other=1 beh=0 outstanding=0 sessions=12r/0c/0rc pool A=16 P=0 B=21
2026-05-15 00:03:10,954 INFO src.session.session_manager: [WATCHDOG] Checking cookies...
2026-05-15 00:03:10,958 INFO src.session.session_manager: [WATCHDOG] Found 55 Target.com cookies
2026-05-15 00:03:10,958 INFO src.session.session_manager: [WATCHDOG] 'accessToken' OK (30.0 days left)
2026-05-15 00:03:10,958 INFO src.session.session_manager: [WATCHDOG] 'idToken' OK (30.0 days left)
2026-05-15 00:03:10,958 INFO src.session.session_manager: [WATCHDOG] 'refreshToken' OK (90.0 days left)
2026-05-15 00:03:10,959 INFO src.session.session_manager: [WATCHDOG] 'login-session' OK (30.0 days left)
2026-05-15 00:03:10,959 INFO src.session.session_manager: [WATCHDOG] All cookies healthy!
2026-05-15 00:03:40,764 INFO src.monitoring.stock_check_resilient: [STOCK STATS] t=1020.1s sweeps=3043 (2.98/s) 200=3041 403=0 other=1 beh=0 outstanding=1 sessions=12r/0c/0rc pool A=16 P=0 B=21
2026-05-15 00:04:10,781 INFO src.monitoring.stock_check_resilient: [STOCK STATS] t=1050.1s sweeps=3132 (2.98/s) 200=3131 403=0 other=1 beh=0 outstanding=0 sessions=12r/0c/0rc pool A=16 P=0 B=21
2026-05-15 00:04:10,948 INFO src.session.session_manager: [WATCHDOG] Checking cookies...
2026-05-15 00:04:10,953 INFO src.session.session_manager: [WATCHDOG] Found 55 Target.com cookies
2026-05-15 00:04:10,953 INFO src.session.session_manager: [WATCHDOG] 'accessToken' OK (30.0 days left)
2026-05-15 00:04:10,953 INFO src.session.session_manager: [WATCHDOG] 'idToken' OK (30.0 days left)
2026-05-15 00:04:10,954 INFO src.session.session_manager: [WATCHDOG] 'refreshToken' OK (90.0 days left)
2026-05-15 00:04:10,954 INFO src.session.session_manager: [WATCHDOG] 'login-session' OK (30.0 days left)
2026-05-15 00:04:10,954 INFO src.session.session_manager: [WATCHDOG] All cookies healthy!
2026-05-15 00:04:40,776 INFO src.monitoring.stock_check_resilient: [STOCK STATS] t=1080.1s sweeps=3222 (2.98/s) 200=3220 403=0 other=1 beh=0 outstanding=1 sessions=12r/0c/0rc pool A=16 P=0 B=21
2026-05-15 00:05:10,781 INFO src.monitoring.stock_check_resilient: [STOCK STATS] t=1110.1s sweeps=3312 (2.98/s) 200=3311 403=0 other=1 beh=0 outstanding=0 sessions=12r/0c/0rc pool A=16 P=0 B=21
2026-05-15 00:05:10,937 INFO src.session.session_manager: [WATCHDOG] Checking cookies...
2026-05-15 00:05:10,944 INFO src.session.session_manager: [WATCHDOG] Found 55 Target.com cookies
2026-05-15 00:05:10,944 INFO src.session.session_manager: [WATCHDOG] 'accessToken' OK (30.0 days left)
2026-05-15 00:05:10,944 INFO src.session.session_manager: [WATCHDOG] 'idToken' OK (30.0 days left)
2026-05-15 00:05:10,944 INFO src.session.session_manager: [WATCHDOG] 'refreshToken' OK (90.0 days left)
2026-05-15 00:05:10,944 INFO src.session.session_manager: [WATCHDOG] 'login-session' OK (30.0 days left)
2026-05-15 00:05:10,944 INFO src.session.session_manager: [WATCHDOG] All cookies healthy!
2026-05-15 00:05:40,775 INFO src.monitoring.stock_check_resilient: [STOCK STATS] t=1140.1s sweeps=3401 (2.98/s) 200=3399 403=0 other=1 beh=0 outstanding=1 sessions=12r/0c/0rc pool A=16 P=0 B=21
2026-05-15 00:06:10,781 INFO src.monitoring.stock_check_resilient: [STOCK STATS] t=1170.1s sweeps=3490 (2.98/s) 200=3489 403=0 other=1 beh=0 outstanding=0 sessions=12r/0c/0rc pool A=16 P=0 B=21
2026-05-15 00:06:10,964 INFO src.session.session_manager: [WATCHDOG] Checking cookies...
2026-05-15 00:06:10,970 INFO src.session.session_manager: [WATCHDOG] Found 55 Target.com cookies
2026-05-15 00:06:10,970 INFO src.session.session_manager: [WATCHDOG] 'accessToken' OK (30.0 days left)
2026-05-15 00:06:10,970 INFO src.session.session_manager: [WATCHDOG] 'idToken' OK (30.0 days left)
2026-05-15 00:06:10,970 INFO src.session.session_manager: [WATCHDOG] 'refreshToken' OK (90.0 days left)
2026-05-15 00:06:10,970 INFO src.session.session_manager: [WATCHDOG] 'login-session' OK (30.0 days left)
2026-05-15 00:06:10,970 INFO src.session.session_manager: [WATCHDOG] All cookies healthy!
2026-05-15 00:06:40,800 INFO src.monitoring.stock_check_resilient: [STOCK STATS] t=1200.1s sweeps=3581 (2.98/s) 200=3580 403=0 other=1 beh=0 outstanding=0 sessions=12r/0c/0rc pool A=16 P=0 B=21
2026-05-15 00:07:10,808 INFO src.monitoring.stock_check_resilient: [STOCK STATS] t=1230.1s sweeps=3673 (2.99/s) 200=3671 403=0 other=1 beh=0 outstanding=1 sessions=12r/0c/0rc pool A=16 P=0 B=21
2026-05-15 00:07:10,994 INFO src.session.session_manager: [WATCHDOG] Checking cookies...
2026-05-15 00:07:10,998 INFO src.session.session_manager: [WATCHDOG] Found 55 Target.com cookies
2026-05-15 00:07:10,999 INFO src.session.session_manager: [WATCHDOG] 'accessToken' OK (30.0 days left)
2026-05-15 00:07:10,999 INFO src.session.session_manager: [WATCHDOG] 'idToken' OK (30.0 days left)
2026-05-15 00:07:10,999 INFO src.session.session_manager: [WATCHDOG] 'refreshToken' OK (90.0 days left)
2026-05-15 00:07:10,999 INFO src.session.session_manager: [WATCHDOG] 'login-session' OK (30.0 days left)
2026-05-15 00:07:10,999 INFO src.session.session_manager: [WATCHDOG] All cookies healthy!
2026-05-15 00:07:40,797 INFO src.monitoring.stock_check_resilient: [STOCK STATS] t=1260.1s sweeps=3760 (2.98/s) 200=3758 403=0 other=1 beh=0 outstanding=1 sessions=12r/0c/0rc pool A=16 P=0 B=21
2026-05-15 00:08:10,813 INFO src.monitoring.stock_check_resilient: [STOCK STATS] t=1290.1s sweeps=3849 (2.98/s) 200=3848 403=0 other=1 beh=0 outstanding=0 sessions=12r/0c/0rc pool A=16 P=0 B=21
2026-05-15 00:08:11,013 INFO src.session.session_manager: [WATCHDOG] Checking cookies...
2026-05-15 00:08:11,018 INFO src.session.session_manager: [WATCHDOG] Found 55 Target.com cookies
2026-05-15 00:08:11,018 INFO src.session.session_manager: [WATCHDOG] 'accessToken' OK (30.0 days left)
2026-05-15 00:08:11,018 INFO src.session.session_manager: [WATCHDOG] 'idToken' OK (30.0 days left)
2026-05-15 00:08:11,018 INFO src.session.session_manager: [WATCHDOG] 'refreshToken' OK (90.0 days left)
2026-05-15 00:08:11,018 INFO src.session.session_manager: [WATCHDOG] 'login-session' OK (30.0 days left)
2026-05-15 00:08:11,019 INFO src.session.session_manager: [WATCHDOG] All cookies healthy!
2026-05-15 00:08:40,812 INFO src.monitoring.stock_check_resilient: [STOCK STATS] t=1320.1s sweeps=3939 (2.98/s) 200=3938 403=0 other=1 beh=0 outstanding=0 sessions=12r/0c/0rc pool A=16 P=0 B=21
2026-05-15 00:09:10,818 INFO src.monitoring.stock_check_resilient: [STOCK STATS] t=1350.1s sweeps=4028 (2.98/s) 200=4026 403=0 other=1 beh=0 outstanding=1 sessions=12r/0c/0rc pool A=16 P=0 B=21
2026-05-15 00:09:11,040 INFO src.session.session_manager: [WATCHDOG] Checking cookies...
2026-05-15 00:09:11,045 INFO src.session.session_manager: [WATCHDOG] Found 55 Target.com cookies
2026-05-15 00:09:11,045 INFO src.session.session_manager: [WATCHDOG] 'accessToken' OK (30.0 days left)
2026-05-15 00:09:11,045 INFO src.session.session_manager: [WATCHDOG] 'idToken' OK (30.0 days left)
2026-05-15 00:09:11,045 INFO src.session.session_manager: [WATCHDOG] 'refreshToken' OK (90.0 days left)
2026-05-15 00:09:11,045 INFO src.session.session_manager: [WATCHDOG] 'login-session' OK (30.0 days left)
2026-05-15 00:09:11,045 INFO src.session.session_manager: [WATCHDOG] All cookies healthy!
2026-05-15 00:09:40,841 INFO src.monitoring.stock_check_resilient: [STOCK STATS] t=1380.2s sweeps=4117 (2.98/s) 200=4116 403=0 other=1 beh=0 outstanding=0 sessions=12r/0c/0rc pool A=16 P=0 B=21
2026-05-15 00:10:10,827 INFO src.monitoring.stock_check_resilient: [STOCK STATS] t=1410.1s sweeps=4207 (2.98/s) 200=4206 403=0 other=1 beh=0 outstanding=0 sessions=11r/0c/0rc pool A=16 P=0 B=21
2026-05-15 00:10:11,071 INFO src.session.session_manager: [WATCHDOG] Checking cookies...
2026-05-15 00:10:11,076 INFO src.session.session_manager: [WATCHDOG] Found 55 Target.com cookies
2026-05-15 00:10:11,076 INFO src.session.session_manager: [WATCHDOG] 'accessToken' OK (30.0 days left)
2026-05-15 00:10:11,077 INFO src.session.session_manager: [WATCHDOG] 'idToken' OK (30.0 days left)
2026-05-15 00:10:11,077 INFO src.session.session_manager: [WATCHDOG] 'refreshToken' OK (90.0 days left)
2026-05-15 00:10:11,077 INFO src.session.session_manager: [WATCHDOG] 'login-session' OK (30.0 days left)
2026-05-15 00:10:11,077 INFO src.session.session_manager: [WATCHDOG] All cookies healthy!
2026-05-15 00:10:40,830 INFO src.monitoring.stock_check_resilient: [STOCK STATS] t=1440.1s sweeps=4297 (2.98/s) 200=4295 403=0 other=1 beh=0 outstanding=1 sessions=12r/0c/0rc pool A=16 P=0 B=21
2026-05-15 00:11:10,838 INFO src.monitoring.stock_check_resilient: [STOCK STATS] t=1470.1s sweeps=4386 (2.98/s) 200=4384 403=0 other=1 beh=0 outstanding=1 sessions=12r/0c/0rc pool A=16 P=0 B=21
2026-05-15 00:11:11,091 INFO src.session.session_manager: [WATCHDOG] Checking cookies...
2026-05-15 00:11:11,096 INFO src.session.session_manager: [WATCHDOG] Found 55 Target.com cookies
2026-05-15 00:11:11,096 INFO src.session.session_manager: [WATCHDOG] 'accessToken' OK (30.0 days left)
2026-05-15 00:11:11,096 INFO src.session.session_manager: [WATCHDOG] 'idToken' OK (30.0 days left)
2026-05-15 00:11:11,096 INFO src.session.session_manager: [WATCHDOG] 'refreshToken' OK (90.0 days left)
2026-05-15 00:11:11,096 INFO src.session.session_manager: [WATCHDOG] 'login-session' OK (30.0 days left)
2026-05-15 00:11:11,096 INFO src.session.session_manager: [WATCHDOG] All cookies healthy!
2026-05-15 00:11:40,822 INFO src.monitoring.stock_check_resilient: [STOCK STATS] t=1500.1s sweeps=4474 (2.98/s) 200=4472 403=0 other=1 beh=0 outstanding=1 sessions=12r/0c/0rc pool A=16 P=0 B=21
2026-05-15 00:12:10,819 INFO src.monitoring.stock_check_resilient: [STOCK STATS] t=1530.1s sweeps=4563 (2.98/s) 200=4561 403=0 other=1 beh=0 outstanding=1 sessions=12r/0c/0rc pool A=16 P=0 B=21
2026-05-15 00:12:11,110 INFO src.session.session_manager: [WATCHDOG] Checking cookies...
2026-05-15 00:12:11,116 INFO src.session.session_manager: [WATCHDOG] Found 55 Target.com cookies
2026-05-15 00:12:11,116 INFO src.session.session_manager: [WATCHDOG] 'accessToken' OK (30.0 days left)
2026-05-15 00:12:11,116 INFO src.session.session_manager: [WATCHDOG] 'idToken' OK (30.0 days left)
2026-05-15 00:12:11,116 INFO src.session.session_manager: [WATCHDOG] 'refreshToken' OK (90.0 days left)
2026-05-15 00:12:11,116 INFO src.session.session_manager: [WATCHDOG] 'login-session' OK (30.0 days left)
2026-05-15 00:12:11,117 INFO src.session.session_manager: [WATCHDOG] All cookies healthy!
2026-05-15 00:12:40,825 INFO src.monitoring.stock_check_resilient: [STOCK STATS] t=1560.1s sweeps=4651 (2.98/s) 200=4650 403=0 other=1 beh=0 outstanding=0 sessions=12r/0c/0rc pool A=16 P=0 B=21
2026-05-15 00:13:10,818 INFO src.monitoring.stock_check_resilient: [STOCK STATS] t=1590.1s sweeps=4740 (2.98/s) 200=4738 403=0 other=1 beh=0 outstanding=1 sessions=12r/0c/0rc pool A=16 P=0 B=21
2026-05-15 00:13:11,133 INFO src.session.session_manager: [WATCHDOG] Checking cookies...
2026-05-15 00:13:11,139 INFO src.session.session_manager: [WATCHDOG] Found 55 Target.com cookies
2026-05-15 00:13:11,139 INFO src.session.session_manager: [WATCHDOG] 'accessToken' OK (30.0 days left)
2026-05-15 00:13:11,139 INFO src.session.session_manager: [WATCHDOG] 'idToken' OK (30.0 days left)
2026-05-15 00:13:11,139 INFO src.session.session_manager: [WATCHDOG] 'refreshToken' OK (90.0 days left)
2026-05-15 00:13:11,139 INFO src.session.session_manager: [WATCHDOG] 'login-session' OK (30.0 days left)
2026-05-15 00:13:11,140 INFO src.session.session_manager: [WATCHDOG] All cookies healthy!
2026-05-15 00:13:40,826 INFO src.monitoring.stock_check_resilient: [STOCK STATS] t=1620.1s sweeps=4828 (2.98/s) 200=4827 403=0 other=1 beh=0 outstanding=0 sessions=12r/0c/0rc pool A=16 P=0 B=21
2026-05-15 00:14:10,841 INFO src.monitoring.stock_check_resilient: [STOCK STATS] t=1650.2s sweeps=4918 (2.98/s) 200=4917 403=0 other=1 beh=0 outstanding=0 sessions=12r/0c/0rc pool A=16 P=0 B=21
2026-05-15 00:14:11,164 INFO src.session.session_manager: [WATCHDOG] Checking cookies...
2026-05-15 00:14:11,169 INFO src.session.session_manager: [WATCHDOG] Found 54 Target.com cookies
2026-05-15 00:14:11,170 INFO src.session.session_manager: [WATCHDOG] 'accessToken' OK (30.0 days left)
2026-05-15 00:14:11,170 INFO src.session.session_manager: [WATCHDOG] 'idToken' OK (30.0 days left)
2026-05-15 00:14:11,170 INFO src.session.session_manager: [WATCHDOG] 'refreshToken' OK (90.0 days left)
2026-05-15 00:14:11,170 INFO src.session.session_manager: [WATCHDOG] 'login-session' OK (30.0 days left)
2026-05-15 00:14:11,170 INFO src.session.session_manager: [WATCHDOG] All cookies healthy!
2026-05-15 00:14:40,834 INFO src.monitoring.stock_check_resilient: [STOCK STATS] t=1680.1s sweeps=5007 (2.98/s) 200=5005 403=0 other=1 beh=0 outstanding=1 sessions=12r/0c/0rc pool A=16 P=0 B=21
2026-05-15 00:15:10,824 INFO src.monitoring.stock_check_resilient: [STOCK STATS] t=1710.1s sweeps=5096 (2.98/s) 200=5094 403=0 other=1 beh=0 outstanding=1 sessions=12r/0c/0rc pool A=16 P=0 B=21
2026-05-15 00:15:11,192 INFO src.session.session_manager: [WATCHDOG] Checking cookies...
2026-05-15 00:15:11,197 INFO src.session.session_manager: [WATCHDOG] Found 54 Target.com cookies
2026-05-15 00:15:11,197 INFO src.session.session_manager: [WATCHDOG] 'accessToken' OK (30.0 days left)
2026-05-15 00:15:11,197 INFO src.session.session_manager: [WATCHDOG] 'idToken' OK (30.0 days left)
2026-05-15 00:15:11,197 INFO src.session.session_manager: [WATCHDOG] 'refreshToken' OK (90.0 days left)
2026-05-15 00:15:11,198 INFO src.session.session_manager: [WATCHDOG] 'login-session' OK (30.0 days left)
2026-05-15 00:15:11,198 INFO src.session.session_manager: [WATCHDOG] All cookies healthy!
2026-05-15 00:15:40,818 INFO src.monitoring.stock_check_resilient: [STOCK STATS] t=1740.1s sweeps=5185 (2.98/s) 200=5184 403=0 other=1 beh=0 outstanding=0 sessions=12r/0c/0rc pool A=16 P=0 B=21
2026-05-15 00:16:10,837 INFO src.monitoring.stock_check_resilient: [STOCK STATS] t=1770.1s sweeps=5274 (2.98/s) 200=5273 403=0 other=1 beh=0 outstanding=0 sessions=12r/0c/0rc pool A=16 P=0 B=21
2026-05-15 00:16:11,209 INFO src.session.session_manager: [WATCHDOG] Checking cookies...
2026-05-15 00:16:11,214 INFO src.session.session_manager: [WATCHDOG] Found 54 Target.com cookies
2026-05-15 00:16:11,214 INFO src.session.session_manager: [WATCHDOG] 'accessToken' OK (30.0 days left)
2026-05-15 00:16:11,215 INFO src.session.session_manager: [WATCHDOG] 'idToken' OK (30.0 days left)
2026-05-15 00:16:11,215 INFO src.session.session_manager: [WATCHDOG] 'refreshToken' OK (90.0 days left)
2026-05-15 00:16:11,215 INFO src.session.session_manager: [WATCHDOG] 'login-session' OK (30.0 days left)
2026-05-15 00:16:11,215 INFO src.session.session_manager: [WATCHDOG] All cookies healthy!
2026-05-15 00:16:40,830 INFO src.monitoring.stock_check_resilient: [STOCK STATS] t=1800.1s sweeps=5363 (2.98/s) 200=5362 403=0 other=1 beh=0 outstanding=0 sessions=12r/0c/0rc pool A=16 P=0 B=21
2026-05-15 00:17:10,813 INFO src.monitoring.stock_check_resilient: [STOCK STATS] t=1830.1s sweeps=5451 (2.98/s) 200=5449 403=0 other=1 beh=0 outstanding=1 sessions=12r/0c/0rc pool A=16 P=0 B=21
2026-05-15 00:17:11,203 INFO src.session.session_manager: [WATCHDOG] Checking cookies...
2026-05-15 00:17:11,207 INFO src.session.session_manager: [WATCHDOG] Found 54 Target.com cookies
2026-05-15 00:17:11,207 INFO src.session.session_manager: [WATCHDOG] 'accessToken' OK (30.0 days left)
2026-05-15 00:17:11,209 INFO src.session.session_manager: [WATCHDOG] 'idToken' OK (30.0 days left)
2026-05-15 00:17:11,209 INFO src.session.session_manager: [WATCHDOG] 'refreshToken' OK (90.0 days left)
2026-05-15 00:17:11,209 INFO src.session.session_manager: [WATCHDOG] 'login-session' OK (30.0 days left)
2026-05-15 00:17:11,209 INFO src.session.session_manager: [WATCHDOG] All cookies healthy!
2026-05-15 00:17:40,838 INFO src.monitoring.stock_check_resilient: [STOCK STATS] t=1860.1s sweeps=5541 (2.98/s) 200=5540 403=0 other=1 beh=0 outstanding=0 sessions=12r/0c/0rc pool A=16 P=0 B=21
2026-05-15 00:18:10,817 INFO src.monitoring.stock_check_resilient: [STOCK STATS] t=1890.1s sweeps=5633 (2.98/s) 200=5631 403=0 other=1 beh=0 outstanding=1 sessions=12r/0c/0rc pool A=16 P=0 B=21
2026-05-15 00:18:11,202 INFO src.session.session_manager: [WATCHDOG] Checking cookies...
2026-05-15 00:18:11,207 INFO src.session.session_manager: [WATCHDOG] Found 54 Target.com cookies
2026-05-15 00:18:11,207 INFO src.session.session_manager: [WATCHDOG] 'accessToken' OK (30.0 days left)
2026-05-15 00:18:11,208 INFO src.session.session_manager: [WATCHDOG] 'idToken' OK (30.0 days left)
2026-05-15 00:18:11,208 INFO src.session.session_manager: [WATCHDOG] 'refreshToken' OK (90.0 days left)
2026-05-15 00:18:11,208 INFO src.session.session_manager: [WATCHDOG] 'login-session' OK (30.0 days left)
2026-05-15 00:18:11,208 INFO src.session.session_manager: [WATCHDOG] All cookies healthy!
2026-05-15 00:18:40,834 INFO src.monitoring.stock_check_resilient: [STOCK STATS] t=1920.1s sweeps=5722 (2.98/s) 200=5720 403=0 other=1 beh=0 outstanding=1 sessions=12r/0c/0rc pool A=16 P=0 B=21
2026-05-15 00:19:10,813 INFO src.monitoring.stock_check_resilient: [STOCK STATS] t=1950.1s sweeps=5810 (2.98/s) 200=5808 403=0 other=1 beh=0 outstanding=1 sessions=12r/0c/0rc pool A=16 P=0 B=21
2026-05-15 00:19:11,212 INFO src.session.session_manager: [WATCHDOG] Checking cookies...
2026-05-15 00:19:11,217 INFO src.session.session_manager: [WATCHDOG] Found 54 Target.com cookies
2026-05-15 00:19:11,218 INFO src.session.session_manager: [WATCHDOG] 'accessToken' OK (30.0 days left)
2026-05-15 00:19:11,218 INFO src.session.session_manager: [WATCHDOG] 'idToken' OK (30.0 days left)
2026-05-15 00:19:11,218 INFO src.session.session_manager: [WATCHDOG] 'refreshToken' OK (90.0 days left)
2026-05-15 00:19:11,218 INFO src.session.session_manager: [WATCHDOG] 'login-session' OK (30.0 days left)
2026-05-15 00:19:11,218 INFO src.session.session_manager: [WATCHDOG] All cookies healthy!
2026-05-15 00:19:40,826 INFO src.monitoring.stock_check_resilient: [STOCK STATS] t=1980.1s sweeps=5900 (2.98/s) 200=5898 403=0 other=1 beh=0 outstanding=1 sessions=12r/0c/0rc pool A=16 P=0 B=21
2026-05-15 00:20:10,837 INFO src.monitoring.stock_check_resilient: [STOCK STATS] t=2010.1s sweeps=5990 (2.98/s) 200=5989 403=0 other=1 beh=0 outstanding=0 sessions=12r/0c/0rc pool A=16 P=0 B=21
2026-05-15 00:20:11,220 INFO src.session.session_manager: [WATCHDOG] Checking cookies...
2026-05-15 00:20:11,225 INFO src.session.session_manager: [WATCHDOG] Found 53 Target.com cookies
2026-05-15 00:20:11,226 INFO src.session.session_manager: [WATCHDOG] 'accessToken' OK (30.0 days left)
2026-05-15 00:20:11,226 INFO src.session.session_manager: [WATCHDOG] 'idToken' OK (30.0 days left)
2026-05-15 00:20:11,226 INFO src.session.session_manager: [WATCHDOG] 'refreshToken' OK (90.0 days left)
2026-05-15 00:20:11,226 INFO src.session.session_manager: [WATCHDOG] 'login-session' OK (30.0 days left)
2026-05-15 00:20:11,226 INFO src.session.session_manager: [WATCHDOG] All cookies healthy!
2026-05-15 00:20:40,814 INFO src.monitoring.stock_check_resilient: [STOCK STATS] t=2040.1s sweeps=6080 (2.98/s) 200=6079 403=0 other=1 beh=0 outstanding=0 sessions=11r/0c/0rc pool A=16 P=0 B=21
2026-05-15 00:21:10,828 INFO src.monitoring.stock_check_resilient: [STOCK STATS] t=2070.1s sweeps=6169 (2.98/s) 200=6167 403=0 other=1 beh=0 outstanding=1 sessions=12r/0c/0rc pool A=16 P=0 B=21
2026-05-15 00:21:11,245 INFO src.session.session_manager: [WATCHDOG] Checking cookies...
2026-05-15 00:21:11,250 INFO src.session.session_manager: [WATCHDOG] Found 53 Target.com cookies
2026-05-15 00:21:11,251 INFO src.session.session_manager: [WATCHDOG] 'accessToken' OK (30.0 days left)
2026-05-15 00:21:11,251 INFO src.session.session_manager: [WATCHDOG] 'idToken' OK (30.0 days left)
2026-05-15 00:21:11,251 INFO src.session.session_manager: [WATCHDOG] 'refreshToken' OK (90.0 days left)
2026-05-15 00:21:11,251 INFO src.session.session_manager: [WATCHDOG] 'login-session' OK (30.0 days left)
2026-05-15 00:21:11,251 INFO src.session.session_manager: [WATCHDOG] All cookies healthy!
2026-05-15 00:21:40,844 INFO src.monitoring.stock_check_resilient: [STOCK STATS] t=2100.2s sweeps=6258 (2.98/s) 200=6256 403=0 other=1 beh=0 outstanding=1 sessions=12r/0c/0rc pool A=16 P=0 B=21
2026-05-15 00:22:10,863 INFO src.monitoring.stock_check_resilient: [STOCK STATS] t=2130.2s sweeps=6346 (2.98/s) 200=6345 403=0 other=1 beh=0 outstanding=0 sessions=12r/0c/0rc pool A=16 P=0 B=21
2026-05-15 00:22:11,278 INFO src.session.session_manager: [WATCHDOG] Checking cookies...
2026-05-15 00:22:11,284 INFO src.session.session_manager: [WATCHDOG] Found 53 Target.com cookies
2026-05-15 00:22:11,284 INFO src.session.session_manager: [WATCHDOG] 'accessToken' OK (30.0 days left)
2026-05-15 00:22:11,284 INFO src.session.session_manager: [WATCHDOG] 'idToken' OK (30.0 days left)
2026-05-15 00:22:11,284 INFO src.session.session_manager: [WATCHDOG] 'refreshToken' OK (90.0 days left)
2026-05-15 00:22:11,284 INFO src.session.session_manager: [WATCHDOG] 'login-session' OK (30.0 days left)
2026-05-15 00:22:11,284 INFO src.session.session_manager: [WATCHDOG] All cookies healthy!
2026-05-15 00:22:40,883 INFO src.monitoring.stock_check_resilient: [STOCK STATS] t=2160.2s sweeps=6437 (2.98/s) 200=6436 403=0 other=1 beh=0 outstanding=0 sessions=12r/0c/0rc pool A=16 P=0 B=21
2026-05-15 00:23:10,862 INFO src.monitoring.stock_check_resilient: [STOCK STATS] t=2190.2s sweeps=6528 (2.98/s) 200=6527 403=0 other=1 beh=0 outstanding=0 sessions=12r/0c/0rc pool A=16 P=0 B=21
2026-05-15 00:23:11,290 INFO src.session.session_manager: [WATCHDOG] Checking cookies...
2026-05-15 00:23:11,297 INFO src.session.session_manager: [WATCHDOG] Found 53 Target.com cookies
2026-05-15 00:23:11,297 INFO src.session.session_manager: [WATCHDOG] 'accessToken' OK (30.0 days left)
2026-05-15 00:23:11,297 INFO src.session.session_manager: [WATCHDOG] 'idToken' OK (30.0 days left)
2026-05-15 00:23:11,298 INFO src.session.session_manager: [WATCHDOG] 'refreshToken' OK (90.0 days left)
2026-05-15 00:23:11,298 INFO src.session.session_manager: [WATCHDOG] 'login-session' OK (30.0 days left)
2026-05-15 00:23:11,298 INFO src.session.session_manager: [WATCHDOG] All cookies healthy!
2026-05-15 00:23:40,863 INFO src.monitoring.stock_check_resilient: [STOCK STATS] t=2220.2s sweeps=6617 (2.98/s) 200=6616 403=0 other=1 beh=0 outstanding=0 sessions=12r/0c/0rc pool A=16 P=0 B=21
2026-05-15 00:24:10,880 INFO src.monitoring.stock_check_resilient: [STOCK STATS] t=2250.2s sweeps=6708 (2.98/s) 200=6706 403=0 other=1 beh=0 outstanding=1 sessions=12r/0c/0rc pool A=16 P=0 B=21
2026-05-15 00:24:11,296 INFO src.session.session_manager: [WATCHDOG] Checking cookies...
2026-05-15 00:24:11,301 INFO src.session.session_manager: [WATCHDOG] Found 53 Target.com cookies
2026-05-15 00:24:11,301 INFO src.session.session_manager: [WATCHDOG] 'accessToken' OK (30.0 days left)
2026-05-15 00:24:11,301 INFO src.session.session_manager: [WATCHDOG] 'idToken' OK (30.0 days left)
2026-05-15 00:24:11,301 INFO src.session.session_manager: [WATCHDOG] 'refreshToken' OK (90.0 days left)
2026-05-15 00:24:11,302 INFO src.session.session_manager: [WATCHDOG] 'login-session' OK (30.0 days left)
2026-05-15 00:24:11,302 INFO src.session.session_manager: [WATCHDOG] All cookies healthy!
2026-05-15 00:24:40,895 INFO src.monitoring.stock_check_resilient: [STOCK STATS] t=2280.2s sweeps=6796 (2.98/s) 200=6795 403=0 other=1 beh=0 outstanding=0 sessions=12r/0c/0rc pool A=16 P=0 B=21
2026-05-15 00:25:10,898 INFO src.monitoring.stock_check_resilient: [STOCK STATS] t=2310.2s sweeps=6886 (2.98/s) 200=6885 403=0 other=1 beh=0 outstanding=0 sessions=12r/0c/0rc pool A=16 P=0 B=21
2026-05-15 00:25:11,314 INFO src.session.session_manager: [WATCHDOG] Checking cookies...
2026-05-15 00:25:11,320 INFO src.session.session_manager: [WATCHDOG] Found 53 Target.com cookies
2026-05-15 00:25:11,320 INFO src.session.session_manager: [WATCHDOG] 'accessToken' OK (30.0 days left)
2026-05-15 00:25:11,320 INFO src.session.session_manager: [WATCHDOG] 'idToken' OK (30.0 days left)
2026-05-15 00:25:11,320 INFO src.session.session_manager: [WATCHDOG] 'refreshToken' OK (90.0 days left)
2026-05-15 00:25:11,320 INFO src.session.session_manager: [WATCHDOG] 'login-session' OK (30.0 days left)
2026-05-15 00:25:11,321 INFO src.session.session_manager: [WATCHDOG] All cookies healthy!
2026-05-15 00:25:40,891 INFO src.monitoring.stock_check_resilient: [STOCK STATS] t=2340.2s sweeps=6976 (2.98/s) 200=6975 403=0 other=1 beh=0 outstanding=0 sessions=12r/0c/0rc pool A=16 P=0 B=21
2026-05-15 00:26:10,902 INFO src.monitoring.stock_check_resilient: [STOCK STATS] t=2370.2s sweeps=7066 (2.98/s) 200=7065 403=0 other=1 beh=0 outstanding=0 sessions=12r/0c/0rc pool A=16 P=0 B=21
2026-05-15 00:26:11,314 INFO src.session.session_manager: [WATCHDOG] Checking cookies...
2026-05-15 00:26:11,319 INFO src.session.session_manager: [WATCHDOG] Found 53 Target.com cookies
2026-05-15 00:26:11,319 INFO src.session.session_manager: [WATCHDOG] 'accessToken' OK (30.0 days left)
2026-05-15 00:26:11,319 INFO src.session.session_manager: [WATCHDOG] 'idToken' OK (30.0 days left)
2026-05-15 00:26:11,320 INFO src.session.session_manager: [WATCHDOG] 'refreshToken' OK (90.0 days left)
2026-05-15 00:26:11,320 INFO src.session.session_manager: [WATCHDOG] 'login-session' OK (30.0 days left)
2026-05-15 00:26:11,320 INFO src.session.session_manager: [WATCHDOG] All cookies healthy!
2026-05-15 00:26:40,909 INFO src.monitoring.stock_check_resilient: [STOCK STATS] t=2400.2s sweeps=7155 (2.98/s) 200=7154 403=0 other=1 beh=0 outstanding=0 sessions=12r/0c/0rc pool A=16 P=0 B=21
2026-05-15 00:27:10,897 INFO src.monitoring.stock_check_resilient: [STOCK STATS] t=2430.2s sweeps=7246 (2.98/s) 200=7244 403=0 other=1 beh=0 outstanding=1 sessions=12r/0c/0rc pool A=16 P=0 B=21
2026-05-15 00:27:11,330 INFO src.session.session_manager: [WATCHDOG] Checking cookies...
2026-05-15 00:27:11,335 INFO src.session.session_manager: [WATCHDOG] Found 53 Target.com cookies
2026-05-15 00:27:11,335 INFO src.session.session_manager: [WATCHDOG] 'accessToken' OK (30.0 days left)
2026-05-15 00:27:11,336 INFO src.session.session_manager: [WATCHDOG] 'idToken' OK (30.0 days left)
2026-05-15 00:27:11,336 INFO src.session.session_manager: [WATCHDOG] 'refreshToken' OK (90.0 days left)
2026-05-15 00:27:11,336 INFO src.session.session_manager: [WATCHDOG] 'login-session' OK (30.0 days left)
2026-05-15 00:27:11,336 INFO src.session.session_manager: [WATCHDOG] All cookies healthy!
2026-05-15 00:27:40,899 INFO src.monitoring.stock_check_resilient: [STOCK STATS] t=2460.2s sweeps=7336 (2.98/s) 200=7334 403=0 other=1 beh=0 outstanding=1 sessions=12r/0c/0rc pool A=16 P=0 B=21
2026-05-15 00:28:10,889 INFO src.monitoring.stock_check_resilient: [STOCK STATS] t=2490.2s sweeps=7424 (2.98/s) 200=7422 403=0 other=1 beh=0 outstanding=1 sessions=12r/0c/0rc pool A=16 P=0 B=21
2026-05-15 00:28:11,322 INFO src.session.session_manager: [WATCHDOG] Checking cookies...
2026-05-15 00:28:11,328 INFO src.session.session_manager: [WATCHDOG] Found 53 Target.com cookies
2026-05-15 00:28:11,328 INFO src.session.session_manager: [WATCHDOG] 'accessToken' OK (30.0 days left)
2026-05-15 00:28:11,328 INFO src.session.session_manager: [WATCHDOG] 'idToken' OK (30.0 days left)
2026-05-15 00:28:11,328 INFO src.session.session_manager: [WATCHDOG] 'refreshToken' OK (90.0 days left)
2026-05-15 00:28:11,328 INFO src.session.session_manager: [WATCHDOG] 'login-session' OK (30.0 days left)
2026-05-15 00:28:11,329 INFO src.session.session_manager: [WATCHDOG] All cookies healthy!
2026-05-15 00:28:40,913 INFO src.monitoring.stock_check_resilient: [STOCK STATS] t=2520.2s sweeps=7512 (2.98/s) 200=7510 403=0 other=1 beh=0 outstanding=1 sessions=12r/0c/0rc pool A=16 P=0 B=21
2026-05-15 00:29:10,908 INFO src.monitoring.stock_check_resilient: [STOCK STATS] t=2550.2s sweeps=7601 (2.98/s) 200=7600 403=0 other=1 beh=0 outstanding=0 sessions=12r/0c/0rc pool A=16 P=0 B=21
2026-05-15 00:29:11,342 INFO src.session.session_manager: [WATCHDOG] Checking cookies...
2026-05-15 00:29:11,347 INFO src.session.session_manager: [WATCHDOG] Found 53 Target.com cookies
2026-05-15 00:29:11,348 INFO src.session.session_manager: [WATCHDOG] 'accessToken' OK (30.0 days left)
2026-05-15 00:29:11,348 INFO src.session.session_manager: [WATCHDOG] 'idToken' OK (30.0 days left)
2026-05-15 00:29:11,348 INFO src.session.session_manager: [WATCHDOG] 'refreshToken' OK (90.0 days left)
2026-05-15 00:29:11,348 INFO src.session.session_manager: [WATCHDOG] 'login-session' OK (30.0 days left)
2026-05-15 00:29:11,349 INFO src.session.session_manager: [WATCHDOG] All cookies healthy!
2026-05-15 00:29:40,922 INFO src.monitoring.stock_check_resilient: [STOCK STATS] t=2580.2s sweeps=7691 (2.98/s) 200=7689 403=0 other=1 beh=0 outstanding=1 sessions=12r/0c/0rc pool A=16 P=0 B=21
2026-05-15 00:30:10,922 INFO src.monitoring.stock_check_resilient: [STOCK STATS] t=2610.2s sweeps=7780 (2.98/s) 200=7778 403=0 other=1 beh=0 outstanding=1 sessions=12r/0c/0rc pool A=16 P=0 B=21
2026-05-15 00:30:11,373 INFO src.session.session_manager: [WATCHDOG] Checking cookies...
2026-05-15 00:30:11,377 INFO src.session.session_manager: [WATCHDOG] Found 53 Target.com cookies
2026-05-15 00:30:11,379 INFO src.session.session_manager: [WATCHDOG] 'accessToken' OK (30.0 days left)
2026-05-15 00:30:11,379 INFO src.session.session_manager: [WATCHDOG] 'idToken' OK (30.0 days left)
2026-05-15 00:30:11,379 INFO src.session.session_manager: [WATCHDOG] 'refreshToken' OK (90.0 days left)
2026-05-15 00:30:11,379 INFO src.session.session_manager: [WATCHDOG] 'login-session' OK (30.0 days left)
2026-05-15 00:30:11,379 INFO src.session.session_manager: [WATCHDOG] All cookies healthy!
2026-05-15 00:30:40,941 INFO src.monitoring.stock_check_resilient: [STOCK STATS] t=2640.2s sweeps=7867 (2.98/s) 200=7866 403=0 other=1 beh=0 outstanding=0 sessions=12r/0c/0rc pool A=16 P=0 B=21
2026-05-15 00:31:10,950 INFO src.monitoring.stock_check_resilient: [STOCK STATS] t=2670.3s sweeps=7957 (2.98/s) 200=7956 403=0 other=1 beh=0 outstanding=0 sessions=11r/0c/0rc pool A=16 P=0 B=21
2026-05-15 00:31:11,395 INFO src.session.session_manager: [WATCHDOG] Checking cookies...
2026-05-15 00:31:11,400 INFO src.session.session_manager: [WATCHDOG] Found 53 Target.com cookies
2026-05-15 00:31:11,400 INFO src.session.session_manager: [WATCHDOG] 'accessToken' OK (30.0 days left)
2026-05-15 00:31:11,400 INFO src.session.session_manager: [WATCHDOG] 'idToken' OK (30.0 days left)
2026-05-15 00:31:11,400 INFO src.session.session_manager: [WATCHDOG] 'refreshToken' OK (90.0 days left)
2026-05-15 00:31:11,400 INFO src.session.session_manager: [WATCHDOG] 'login-session' OK (30.0 days left)
2026-05-15 00:31:11,401 INFO src.session.session_manager: [WATCHDOG] All cookies healthy!
2026-05-15 00:31:40,947 INFO src.monitoring.stock_check_resilient: [STOCK STATS] t=2700.3s sweeps=8045 (2.98/s) 200=8043 403=0 other=1 beh=0 outstanding=1 sessions=12r/0c/0rc pool A=16 P=0 B=21
2026-05-15 00:32:10,937 INFO src.monitoring.stock_check_resilient: [STOCK STATS] t=2730.2s sweeps=8136 (2.98/s) 200=8134 403=0 other=1 beh=0 outstanding=1 sessions=12r/0c/0rc pool A=16 P=0 B=21
2026-05-15 00:32:11,412 INFO src.session.session_manager: [WATCHDOG] Checking cookies...
2026-05-15 00:32:11,416 INFO src.session.session_manager: [WATCHDOG] Found 53 Target.com cookies
2026-05-15 00:32:11,416 INFO src.session.session_manager: [WATCHDOG] 'accessToken' OK (30.0 days left)
2026-05-15 00:32:11,416 INFO src.session.session_manager: [WATCHDOG] 'idToken' OK (30.0 days left)
2026-05-15 00:32:11,416 INFO src.session.session_manager: [WATCHDOG] 'refreshToken' OK (90.0 days left)
2026-05-15 00:32:11,417 INFO src.session.session_manager: [WATCHDOG] 'login-session' OK (30.0 days left)
2026-05-15 00:32:11,417 INFO src.session.session_manager: [WATCHDOG] All cookies healthy!
2026-05-15 00:32:40,965 INFO src.monitoring.stock_check_resilient: [STOCK STATS] t=2760.3s sweeps=8225 (2.98/s) 200=8224 403=0 other=1 beh=0 outstanding=0 sessions=12r/0c/0rc pool A=16 P=0 B=21
2026-05-15 00:33:10,942 INFO src.monitoring.stock_check_resilient: [STOCK STATS] t=2790.3s sweeps=8315 (2.98/s) 200=8313 403=0 other=1 beh=0 outstanding=1 sessions=12r/0c/0rc pool A=16 P=0 B=21
2026-05-15 00:33:11,419 INFO src.session.session_manager: [WATCHDOG] Checking cookies...
2026-05-15 00:33:11,424 INFO src.session.session_manager: [WATCHDOG] Found 53 Target.com cookies
2026-05-15 00:33:11,424 INFO src.session.session_manager: [WATCHDOG] 'accessToken' OK (30.0 days left)
2026-05-15 00:33:11,424 INFO src.session.session_manager: [WATCHDOG] 'idToken' OK (30.0 days left)
2026-05-15 00:33:11,424 INFO src.session.session_manager: [WATCHDOG] 'refreshToken' OK (90.0 days left)
2026-05-15 00:33:11,424 INFO src.session.session_manager: [WATCHDOG] 'login-session' OK (30.0 days left)
2026-05-15 00:33:11,424 INFO src.session.session_manager: [WATCHDOG] All cookies healthy!
2026-05-15 00:33:40,949 INFO src.monitoring.stock_check_resilient: [STOCK STATS] t=2820.3s sweeps=8405 (2.98/s) 200=8403 403=0 other=1 beh=0 outstanding=1 sessions=12r/0c/0rc pool A=16 P=0 B=21
2026-05-15 00:34:10,960 INFO src.monitoring.stock_check_resilient: [STOCK STATS] t=2850.3s sweeps=8495 (2.98/s) 200=8493 403=0 other=1 beh=0 outstanding=1 sessions=12r/0c/0rc pool A=16 P=0 B=21
2026-05-15 00:34:11,435 INFO src.session.session_manager: [WATCHDOG] Checking cookies...
2026-05-15 00:34:11,440 INFO src.session.session_manager: [WATCHDOG] Found 53 Target.com cookies
2026-05-15 00:34:11,441 INFO src.session.session_manager: [WATCHDOG] 'accessToken' OK (30.0 days left)
2026-05-15 00:34:11,441 INFO src.session.session_manager: [WATCHDOG] 'idToken' OK (30.0 days left)
2026-05-15 00:34:11,441 INFO src.session.session_manager: [WATCHDOG] 'refreshToken' OK (90.0 days left)
2026-05-15 00:34:11,441 INFO src.session.session_manager: [WATCHDOG] 'login-session' OK (30.0 days left)
2026-05-15 00:34:11,441 INFO src.session.session_manager: [WATCHDOG] All cookies healthy!
2026-05-15 00:34:40,962 INFO src.monitoring.stock_check_resilient: [STOCK STATS] t=2880.3s sweeps=8583 (2.98/s) 200=8582 403=0 other=1 beh=0 outstanding=0 sessions=12r/0c/0rc pool A=16 P=0 B=21
2026-05-15 00:35:10,944 INFO src.monitoring.stock_check_resilient: [STOCK STATS] t=2910.3s sweeps=8674 (2.98/s) 200=8672 403=0 other=1 beh=0 outstanding=1 sessions=12r/0c/0rc pool A=16 P=0 B=21
2026-05-15 00:35:11,463 INFO src.session.session_manager: [WATCHDOG] Checking cookies...
2026-05-15 00:35:11,469 INFO src.session.session_manager: [WATCHDOG] Found 53 Target.com cookies
2026-05-15 00:35:11,469 INFO src.session.session_manager: [WATCHDOG] 'accessToken' OK (30.0 days left)
2026-05-15 00:35:11,469 INFO src.session.session_manager: [WATCHDOG] 'idToken' OK (30.0 days left)
2026-05-15 00:35:11,469 INFO src.session.session_manager: [WATCHDOG] 'refreshToken' OK (90.0 days left)
2026-05-15 00:35:11,469 INFO src.session.session_manager: [WATCHDOG] 'login-session' OK (30.0 days left)
2026-05-15 00:35:11,469 INFO src.session.session_manager: [WATCHDOG] All cookies healthy!
2026-05-15 00:35:40,956 INFO src.monitoring.stock_check_resilient: [STOCK STATS] t=2940.3s sweeps=8764 (2.98/s) 200=8763 403=0 other=1 beh=0 outstanding=0 sessions=12r/0c/0rc pool A=16 P=0 B=21
2026-05-15 00:36:10,962 INFO src.monitoring.stock_check_resilient: [STOCK STATS] t=2970.3s sweeps=8852 (2.98/s) 200=8851 403=0 other=1 beh=0 outstanding=0 sessions=12r/0c/0rc pool A=16 P=0 B=21
2026-05-15 00:36:11,471 INFO src.session.session_manager: [WATCHDOG] Checking cookies...
2026-05-15 00:36:11,476 INFO src.session.session_manager: [WATCHDOG] Found 53 Target.com cookies
2026-05-15 00:36:11,476 INFO src.session.session_manager: [WATCHDOG] 'accessToken' OK (30.0 days left)
2026-05-15 00:36:11,476 INFO src.session.session_manager: [WATCHDOG] 'idToken' OK (30.0 days left)
2026-05-15 00:36:11,477 INFO src.session.session_manager: [WATCHDOG] 'refreshToken' OK (90.0 days left)
2026-05-15 00:36:11,477 INFO src.session.session_manager: [WATCHDOG] 'login-session' OK (30.0 days left)
2026-05-15 00:36:11,477 INFO src.session.session_manager: [WATCHDOG] All cookies healthy!
2026-05-15 00:36:40,967 INFO src.monitoring.stock_check_resilient: [STOCK STATS] t=3000.3s sweeps=8943 (2.98/s) 200=8941 403=0 other=1 beh=0 outstanding=1 sessions=12r/0c/0rc pool A=16 P=0 B=21
2026-05-15 00:37:10,968 INFO src.monitoring.stock_check_resilient: [STOCK STATS] t=3030.3s sweeps=9032 (2.98/s) 200=9031 403=0 other=1 beh=0 outstanding=0 sessions=12r/0c/0rc pool A=16 P=0 B=21
2026-05-15 00:37:11,489 INFO src.session.session_manager: [WATCHDOG] Checking cookies...
2026-05-15 00:37:11,494 INFO src.session.session_manager: [WATCHDOG] Found 53 Target.com cookies
2026-05-15 00:37:11,495 INFO src.session.session_manager: [WATCHDOG] 'accessToken' OK (30.0 days left)
2026-05-15 00:37:11,495 INFO src.session.session_manager: [WATCHDOG] 'idToken' OK (30.0 days left)
2026-05-15 00:37:11,495 INFO src.session.session_manager: [WATCHDOG] 'refreshToken' OK (90.0 days left)
2026-05-15 00:37:11,495 INFO src.session.session_manager: [WATCHDOG] 'login-session' OK (30.0 days left)
2026-05-15 00:37:11,495 INFO src.session.session_manager: [WATCHDOG] All cookies healthy!
2026-05-15 00:37:40,969 INFO src.monitoring.stock_check_resilient: [STOCK STATS] t=3060.3s sweeps=9124 (2.98/s) 200=9122 403=0 other=1 beh=0 outstanding=1 sessions=12r/0c/0rc pool A=16 P=0 B=21
2026-05-15 00:38:10,970 INFO src.monitoring.stock_check_resilient: [STOCK STATS] t=3090.3s sweeps=9211 (2.98/s) 200=9210 403=0 other=1 beh=0 outstanding=0 sessions=12r/0c/0rc pool A=16 P=0 B=21
2026-05-15 00:38:11,502 INFO src.session.session_manager: [WATCHDOG] Checking cookies...
2026-05-15 00:38:11,507 INFO src.session.session_manager: [WATCHDOG] Found 53 Target.com cookies
2026-05-15 00:38:11,507 INFO src.session.session_manager: [WATCHDOG] 'accessToken' OK (30.0 days left)
2026-05-15 00:38:11,507 INFO src.session.session_manager: [WATCHDOG] 'idToken' OK (30.0 days left)
2026-05-15 00:38:11,508 INFO src.session.session_manager: [WATCHDOG] 'refreshToken' OK (90.0 days left)
2026-05-15 00:38:11,508 INFO src.session.session_manager: [WATCHDOG] 'login-session' OK (30.0 days left)
2026-05-15 00:38:11,508 INFO src.session.session_manager: [WATCHDOG] All cookies healthy!
2026-05-15 00:38:40,990 INFO src.monitoring.stock_check_resilient: [STOCK STATS] t=3120.3s sweeps=9300 (2.98/s) 200=9299 403=0 other=1 beh=0 outstanding=0 sessions=12r/0c/0rc pool A=16 P=0 B=21
2026-05-15 00:39:10,987 INFO src.monitoring.stock_check_resilient: [STOCK STATS] t=3150.3s sweeps=9390 (2.98/s) 200=9389 403=0 other=1 beh=0 outstanding=0 sessions=12r/0c/0rc pool A=16 P=0 B=21
2026-05-15 00:39:11,510 INFO src.session.session_manager: [WATCHDOG] Checking cookies...
2026-05-15 00:39:11,515 INFO src.session.session_manager: [WATCHDOG] Found 53 Target.com cookies
2026-05-15 00:39:11,515 INFO src.session.session_manager: [WATCHDOG] 'accessToken' OK (30.0 days left)
2026-05-15 00:39:11,515 INFO src.session.session_manager: [WATCHDOG] 'idToken' OK (30.0 days left)
2026-05-15 00:39:11,515 INFO src.session.session_manager: [WATCHDOG] 'refreshToken' OK (90.0 days left)
2026-05-15 00:39:11,516 INFO src.session.session_manager: [WATCHDOG] 'login-session' OK (30.0 days left)
2026-05-15 00:39:11,516 INFO src.session.session_manager: [WATCHDOG] All cookies healthy!
2026-05-15 00:39:41,013 INFO src.monitoring.stock_check_resilient: [STOCK STATS] t=3180.3s sweeps=9480 (2.98/s) 200=9478 403=0 other=1 beh=0 outstanding=1 sessions=12r/0c/0rc pool A=16 P=0 B=21
2026-05-15 00:40:11,004 INFO src.monitoring.stock_check_resilient: [STOCK STATS] t=3210.3s sweeps=9569 (2.98/s) 200=9567 403=0 other=1 beh=0 outstanding=1 sessions=12r/0c/0rc pool A=16 P=0 B=21
2026-05-15 00:40:11,541 INFO src.session.session_manager: [WATCHDOG] Checking cookies...
2026-05-15 00:40:11,547 INFO src.session.session_manager: [WATCHDOG] Found 53 Target.com cookies
2026-05-15 00:40:11,547 INFO src.session.session_manager: [WATCHDOG] 'accessToken' OK (30.0 days left)
2026-05-15 00:40:11,547 INFO src.session.session_manager: [WATCHDOG] 'idToken' OK (30.0 days left)
2026-05-15 00:40:11,547 INFO src.session.session_manager: [WATCHDOG] 'refreshToken' OK (90.0 days left)
2026-05-15 00:40:11,547 INFO src.session.session_manager: [WATCHDOG] 'login-session' OK (30.0 days left)
2026-05-15 00:40:11,547 INFO src.session.session_manager: [WATCHDOG] All cookies healthy!
2026-05-15 00:40:40,986 INFO src.monitoring.stock_check_resilient: [STOCK STATS] t=3240.3s sweeps=9657 (2.98/s) 200=9655 403=0 other=1 beh=0 outstanding=1 sessions=12r/0c/0rc pool A=16 P=0 B=21
2026-05-15 00:41:10,986 INFO src.monitoring.stock_check_resilient: [STOCK STATS] t=3270.3s sweeps=9745 (2.98/s) 200=9744 403=0 other=1 beh=0 outstanding=0 sessions=12r/0c/0rc pool A=16 P=0 B=21
2026-05-15 00:41:11,573 INFO src.session.session_manager: [WATCHDOG] Checking cookies...
2026-05-15 00:41:11,579 INFO src.session.session_manager: [WATCHDOG] Found 53 Target.com cookies
2026-05-15 00:41:11,579 INFO src.session.session_manager: [WATCHDOG] 'accessToken' OK (30.0 days left)
2026-05-15 00:41:11,579 INFO src.session.session_manager: [WATCHDOG] 'idToken' OK (30.0 days left)
2026-05-15 00:41:11,579 INFO src.session.session_manager: [WATCHDOG] 'refreshToken' OK (90.0 days left)
2026-05-15 00:41:11,579 INFO src.session.session_manager: [WATCHDOG] 'login-session' OK (30.0 days left)
2026-05-15 00:41:11,579 INFO src.session.session_manager: [WATCHDOG] All cookies healthy!
2026-05-15 00:41:40,990 INFO src.monitoring.stock_check_resilient: [STOCK STATS] t=3300.3s sweeps=9834 (2.98/s) 200=9833 403=0 other=1 beh=0 outstanding=0 sessions=12r/0c/0rc pool A=16 P=0 B=21
2026-05-15 00:42:10,991 INFO src.monitoring.stock_check_resilient: [STOCK STATS] t=3330.3s sweeps=9923 (2.98/s) 200=9922 403=0 other=1 beh=0 outstanding=0 sessions=12r/0c/0rc pool A=16 P=0 B=21
2026-05-15 00:42:11,605 INFO src.session.session_manager: [WATCHDOG] Checking cookies...
2026-05-15 00:42:11,610 INFO src.session.session_manager: [WATCHDOG] Found 53 Target.com cookies
2026-05-15 00:42:11,610 INFO src.session.session_manager: [WATCHDOG] 'accessToken' OK (30.0 days left)
2026-05-15 00:42:11,610 INFO src.session.session_manager: [WATCHDOG] 'idToken' OK (30.0 days left)
2026-05-15 00:42:11,610 INFO src.session.session_manager: [WATCHDOG] 'refreshToken' OK (90.0 days left)
2026-05-15 00:42:11,610 INFO src.session.session_manager: [WATCHDOG] 'login-session' OK (30.0 days left)
2026-05-15 00:42:11,610 INFO src.session.session_manager: [WATCHDOG] All cookies healthy!
2026-05-15 00:42:41,004 INFO src.monitoring.stock_check_resilient: [STOCK STATS] t=3360.3s sweeps=10012 (2.98/s) 200=10010 403=0 other=1 beh=0 outstanding=1 sessions=12r/0c/0rc pool A=16 P=0 B=21
2026-05-15 00:43:11,006 INFO src.monitoring.stock_check_resilient: [STOCK STATS] t=3390.3s sweeps=10101 (2.98/s) 200=10099 403=0 other=1 beh=0 outstanding=1 sessions=12r/0c/0rc pool A=16 P=0 B=21
2026-05-15 00:43:11,633 INFO src.session.session_manager: [WATCHDOG] Checking cookies...
2026-05-15 00:43:11,639 INFO src.session.session_manager: [WATCHDOG] Found 53 Target.com cookies
2026-05-15 00:43:11,639 INFO src.session.session_manager: [WATCHDOG] 'accessToken' OK (30.0 days left)
2026-05-15 00:43:11,639 INFO src.session.session_manager: [WATCHDOG] 'idToken' OK (30.0 days left)
2026-05-15 00:43:11,639 INFO src.session.session_manager: [WATCHDOG] 'refreshToken' OK (90.0 days left)
2026-05-15 00:43:11,639 INFO src.session.session_manager: [WATCHDOG] 'login-session' OK (30.0 days left)
2026-05-15 00:43:11,639 INFO src.session.session_manager: [WATCHDOG] All cookies healthy!
2026-05-15 00:43:41,013 INFO src.monitoring.stock_check_resilient: [STOCK STATS] t=3420.3s sweeps=10191 (2.98/s) 200=10190 403=0 other=1 beh=0 outstanding=0 sessions=12r/0c/0rc pool A=16 P=0 B=21
2026-05-15 00:44:10,989 INFO src.monitoring.stock_check_resilient: [STOCK STATS] t=3450.3s sweeps=10281 (2.98/s) 200=10280 403=0 other=1 beh=0 outstanding=0 sessions=11r/0c/0rc pool A=16 P=0 B=21
2026-05-15 00:44:11,663 INFO src.session.session_manager: [WATCHDOG] Checking cookies...
2026-05-15 00:44:11,670 INFO src.session.session_manager: [WATCHDOG] Found 52 Target.com cookies
2026-05-15 00:44:11,670 INFO src.session.session_manager: [WATCHDOG] 'accessToken' OK (30.0 days left)
2026-05-15 00:44:11,671 INFO src.session.session_manager: [WATCHDOG] 'idToken' OK (30.0 days left)
2026-05-15 00:44:11,671 INFO src.session.session_manager: [WATCHDOG] 'refreshToken' OK (90.0 days left)
2026-05-15 00:44:11,671 INFO src.session.session_manager: [WATCHDOG] 'login-session' OK (30.0 days left)
2026-05-15 00:44:11,671 INFO src.session.session_manager: [WATCHDOG] All cookies healthy!
2026-05-15 00:44:41,003 INFO src.monitoring.stock_check_resilient: [STOCK STATS] t=3480.3s sweeps=10370 (2.98/s) 200=10369 403=0 other=1 beh=0 outstanding=0 sessions=12r/0c/0rc pool A=16 P=0 B=21
2026-05-15 00:45:11,004 INFO src.monitoring.stock_check_resilient: [STOCK STATS] t=3510.3s sweeps=10461 (2.98/s) 200=10459 403=0 other=1 beh=0 outstanding=1 sessions=12r/0c/0rc pool A=16 P=0 B=21
2026-05-15 00:45:11,685 INFO src.session.session_manager: [WATCHDOG] Checking cookies...
2026-05-15 00:45:11,690 INFO src.session.session_manager: [WATCHDOG] Found 52 Target.com cookies
2026-05-15 00:45:11,690 INFO src.session.session_manager: [WATCHDOG] 'accessToken' OK (30.0 days left)
2026-05-15 00:45:11,690 INFO src.session.session_manager: [WATCHDOG] 'idToken' OK (30.0 days left)
2026-05-15 00:45:11,690 INFO src.session.session_manager: [WATCHDOG] 'refreshToken' OK (90.0 days left)
2026-05-15 00:45:11,691 INFO src.session.session_manager: [WATCHDOG] 'login-session' OK (30.0 days left)
2026-05-15 00:45:11,691 INFO src.session.session_manager: [WATCHDOG] All cookies healthy!
2026-05-15 00:45:40,996 INFO src.monitoring.stock_check_resilient: [STOCK STATS] t=3540.3s sweeps=10550 (2.98/s) 200=10549 403=0 other=1 beh=0 outstanding=0 sessions=12r/0c/0rc pool A=16 P=0 B=21
2026-05-15 00:46:11,003 INFO src.monitoring.stock_check_resilient: [STOCK STATS] t=3570.3s sweeps=10639 (2.98/s) 200=10637 403=0 other=1 beh=0 outstanding=1 sessions=12r/0c/0rc pool A=16 P=0 B=21
2026-05-15 00:46:11,712 INFO src.session.session_manager: [WATCHDOG] Checking cookies...
2026-05-15 00:46:11,716 INFO src.session.session_manager: [WATCHDOG] Found 52 Target.com cookies
2026-05-15 00:46:11,717 INFO src.session.session_manager: [WATCHDOG] 'accessToken' OK (30.0 days left)
2026-05-15 00:46:11,717 INFO src.session.session_manager: [WATCHDOG] 'idToken' OK (30.0 days left)
2026-05-15 00:46:11,717 INFO src.session.session_manager: [WATCHDOG] 'refreshToken' OK (90.0 days left)
2026-05-15 00:46:11,717 INFO src.session.session_manager: [WATCHDOG] 'login-session' OK (30.0 days left)
2026-05-15 00:46:11,717 INFO src.session.session_manager: [WATCHDOG] All cookies healthy!
2026-05-15 00:46:41,002 INFO src.monitoring.stock_check_resilient: [STOCK STATS] t=3600.3s sweeps=10728 (2.98/s) 200=10727 403=0 other=1 beh=0 outstanding=0 sessions=12r/0c/0rc pool A=16 P=0 B=21
2026-05-15 00:46:58,148 ERROR asyncio: Exception in callback _ProactorBasePipeTransport._call_connection_lost(None)
handle: <Handle _ProactorBasePipeTransport._call_connection_lost(None)>
Traceback (most recent call last):
  File "C:\Program Files\Python312\Lib\asyncio\events.py", line 88, in _run
    self._context.run(self._callback, *self._args)
  File "C:\Program Files\Python312\Lib\asyncio\proactor_events.py", line 165, in _call_connection_lost
    self._sock.shutdown(socket.SHUT_RDWR)
ConnectionResetError: [WinError 10054] An existing connection was forcibly closed by the remote host
2026-05-15 00:47:11,014 INFO src.monitoring.stock_check_resilient: [STOCK STATS] t=3630.3s sweeps=10817 (2.98/s) 200=10815 403=0 other=1 beh=0 outstanding=1 sessions=12r/0c/0rc pool A=16 P=0 B=21
2026-05-15 00:47:11,740 INFO src.session.session_manager: [WATCHDOG] Checking cookies...
2026-05-15 00:47:11,745 INFO src.session.session_manager: [WATCHDOG] Found 52 Target.com cookies
2026-05-15 00:47:11,745 INFO src.session.session_manager: [WATCHDOG] 'accessToken' OK (30.0 days left)
2026-05-15 00:47:11,745 INFO src.session.session_manager: [WATCHDOG] 'idToken' OK (30.0 days left)
2026-05-15 00:47:11,746 INFO src.session.session_manager: [WATCHDOG] 'refreshToken' OK (90.0 days left)
2026-05-15 00:47:11,746 INFO src.session.session_manager: [WATCHDOG] 'login-session' OK (30.0 days left)
2026-05-15 00:47:11,746 INFO src.session.session_manager: [WATCHDOG] All cookies healthy!
2026-05-15 00:47:40,991 INFO src.monitoring.stock_check_resilient: [STOCK STATS] t=3660.3s sweeps=10905 (2.98/s) 200=10903 403=0 other=1 beh=0 outstanding=1 sessions=12r/0c/0rc pool A=16 P=0 B=21
2026-05-15 00:48:11,000 INFO src.monitoring.stock_check_resilient: [STOCK STATS] t=3690.3s sweeps=10994 (2.98/s) 200=10992 403=0 other=1 beh=0 outstanding=1 sessions=12r/0c/0rc pool A=16 P=0 B=21
2026-05-15 00:48:11,754 INFO src.session.session_manager: [WATCHDOG] Checking cookies...
2026-05-15 00:48:11,758 INFO src.session.session_manager: [WATCHDOG] Found 52 Target.com cookies
2026-05-15 00:48:11,759 INFO src.session.session_manager: [WATCHDOG] 'accessToken' OK (30.0 days left)
2026-05-15 00:48:11,759 INFO src.session.session_manager: [WATCHDOG] 'idToken' OK (30.0 days left)
2026-05-15 00:48:11,759 INFO src.session.session_manager: [WATCHDOG] 'refreshToken' OK (90.0 days left)
2026-05-15 00:48:11,759 INFO src.session.session_manager: [WATCHDOG] 'login-session' OK (30.0 days left)
2026-05-15 00:48:11,759 INFO src.session.session_manager: [WATCHDOG] All cookies healthy!
2026-05-15 00:48:40,995 INFO src.monitoring.stock_check_resilient: [STOCK STATS] t=3720.3s sweeps=11083 (2.98/s) 200=11082 403=0 other=1 beh=0 outstanding=0 sessions=12r/0c/0rc pool A=16 P=0 B=21
2026-05-15 00:49:10,998 INFO src.monitoring.stock_check_resilient: [STOCK STATS] t=3750.3s sweeps=11171 (2.98/s) 200=11170 403=0 other=1 beh=0 outstanding=0 sessions=12r/0c/0rc pool A=16 P=0 B=21
2026-05-15 00:49:11,772 INFO src.session.session_manager: [WATCHDOG] Checking cookies...
2026-05-15 00:49:11,778 INFO src.session.session_manager: [WATCHDOG] Found 52 Target.com cookies
2026-05-15 00:49:11,778 INFO src.session.session_manager: [WATCHDOG] 'accessToken' OK (30.0 days left)
2026-05-15 00:49:11,778 INFO src.session.session_manager: [WATCHDOG] 'idToken' OK (30.0 days left)
2026-05-15 00:49:11,778 INFO src.session.session_manager: [WATCHDOG] 'refreshToken' OK (90.0 days left)
2026-05-15 00:49:11,778 INFO src.session.session_manager: [WATCHDOG] 'login-session' OK (30.0 days left)
2026-05-15 00:49:11,779 INFO src.session.session_manager: [WATCHDOG] All cookies healthy!
2026-05-15 00:49:40,989 INFO src.monitoring.stock_check_resilient: [STOCK STATS] t=3780.3s sweeps=11260 (2.98/s) 200=11258 403=0 other=1 beh=0 outstanding=1 sessions=12r/0c/0rc pool A=16 P=0 B=21
2026-05-15 00:50:11,008 INFO src.monitoring.stock_check_resilient: [STOCK STATS] t=3810.3s sweeps=11348 (2.98/s) 200=11347 403=0 other=1 beh=0 outstanding=0 sessions=12r/0c/0rc pool A=16 P=0 B=21
2026-05-15 00:50:11,776 INFO src.session.session_manager: [WATCHDOG] Checking cookies...
2026-05-15 00:50:11,782 INFO src.session.session_manager: [WATCHDOG] Found 52 Target.com cookies
2026-05-15 00:50:11,782 INFO src.session.session_manager: [WATCHDOG] 'accessToken' OK (30.0 days left)
2026-05-15 00:50:11,782 INFO src.session.session_manager: [WATCHDOG] 'idToken' OK (30.0 days left)
2026-05-15 00:50:11,782 INFO src.session.session_manager: [WATCHDOG] 'refreshToken' OK (90.0 days left)
2026-05-15 00:50:11,782 INFO src.session.session_manager: [WATCHDOG] 'login-session' OK (30.0 days left)
2026-05-15 00:50:11,782 INFO src.session.session_manager: [WATCHDOG] All cookies healthy!
2026-05-15 00:50:40,999 INFO src.monitoring.stock_check_resilient: [STOCK STATS] t=3840.3s sweeps=11437 (2.98/s) 200=11435 403=0 other=1 beh=0 outstanding=1 sessions=12r/0c/0rc pool A=16 P=0 B=21
2026-05-15 00:51:11,007 INFO src.monitoring.stock_check_resilient: [STOCK STATS] t=3870.3s sweeps=11525 (2.98/s) 200=11524 403=0 other=1 beh=0 outstanding=0 sessions=12r/0c/0rc pool A=16 P=0 B=21
2026-05-15 00:51:11,793 INFO src.session.session_manager: [WATCHDOG] Checking cookies...
2026-05-15 00:51:11,797 INFO src.session.session_manager: [WATCHDOG] Found 52 Target.com cookies
2026-05-15 00:51:11,797 INFO src.session.session_manager: [WATCHDOG] 'accessToken' OK (30.0 days left)
2026-05-15 00:51:11,797 INFO src.session.session_manager: [WATCHDOG] 'idToken' OK (30.0 days left)
2026-05-15 00:51:11,798 INFO src.session.session_manager: [WATCHDOG] 'refreshToken' OK (90.0 days left)
2026-05-15 00:51:11,798 INFO src.session.session_manager: [WATCHDOG] 'login-session' OK (30.0 days left)
2026-05-15 00:51:11,798 INFO src.session.session_manager: [WATCHDOG] All cookies healthy!
2026-05-15 00:51:41,007 INFO src.monitoring.stock_check_resilient: [STOCK STATS] t=3900.3s sweeps=11616 (2.98/s) 200=11614 403=0 other=1 beh=0 outstanding=1 sessions=12r/0c/0rc pool A=16 P=0 B=21
2026-05-15 00:52:10,999 INFO src.monitoring.stock_check_resilient: [STOCK STATS] t=3930.3s sweeps=11703 (2.98/s) 200=11702 403=0 other=1 beh=0 outstanding=0 sessions=12r/0c/0rc pool A=16 P=0 B=21
2026-05-15 00:52:11,810 INFO src.session.session_manager: [WATCHDOG] Checking cookies...
2026-05-15 00:52:11,815 INFO src.session.session_manager: [WATCHDOG] Found 52 Target.com cookies
2026-05-15 00:52:11,815 INFO src.session.session_manager: [WATCHDOG] 'accessToken' OK (30.0 days left)
2026-05-15 00:52:11,815 INFO src.session.session_manager: [WATCHDOG] 'idToken' OK (30.0 days left)
2026-05-15 00:52:11,816 INFO src.session.session_manager: [WATCHDOG] 'refreshToken' OK (90.0 days left)
2026-05-15 00:52:11,816 INFO src.session.session_manager: [WATCHDOG] 'login-session' OK (30.0 days left)
2026-05-15 00:52:11,816 INFO src.session.session_manager: [WATCHDOG] All cookies healthy!
2026-05-15 00:52:41,011 INFO src.monitoring.stock_check_resilient: [STOCK STATS] t=3960.3s sweeps=11792 (2.98/s) 200=11791 403=0 other=1 beh=0 outstanding=0 sessions=12r/0c/0rc pool A=16 P=0 B=21
2026-05-15 00:53:11,026 INFO src.monitoring.stock_check_resilient: [STOCK STATS] t=3990.3s sweeps=11882 (2.98/s) 200=11880 403=0 other=1 beh=0 outstanding=1 sessions=12r/0c/0rc pool A=16 P=0 B=21
2026-05-15 00:53:11,841 INFO src.session.session_manager: [WATCHDOG] Checking cookies...
2026-05-15 00:53:11,847 INFO src.session.session_manager: [WATCHDOG] Found 52 Target.com cookies
2026-05-15 00:53:11,847 INFO src.session.session_manager: [WATCHDOG] 'accessToken' OK (30.0 days left)
2026-05-15 00:53:11,847 INFO src.session.session_manager: [WATCHDOG] 'idToken' OK (30.0 days left)
2026-05-15 00:53:11,848 INFO src.session.session_manager: [WATCHDOG] 'refreshToken' OK (90.0 days left)
2026-05-15 00:53:11,848 INFO src.session.session_manager: [WATCHDOG] 'login-session' OK (30.0 days left)
2026-05-15 00:53:11,848 INFO src.session.session_manager: [WATCHDOG] All cookies healthy!
2026-05-15 00:53:41,033 INFO src.monitoring.stock_check_resilient: [STOCK STATS] t=4020.3s sweeps=11970 (2.98/s) 200=11969 403=0 other=1 beh=0 outstanding=0 sessions=12r/0c/0rc pool A=16 P=0 B=21
2026-05-15 00:54:11,042 INFO src.monitoring.stock_check_resilient: [STOCK STATS] t=4050.4s sweeps=12058 (2.98/s) 200=12057 403=0 other=1 beh=0 outstanding=0 sessions=12r/0c/0rc pool A=16 P=0 B=21
2026-05-15 00:54:11,863 INFO src.session.session_manager: [WATCHDOG] Checking cookies...
2026-05-15 00:54:11,868 INFO src.session.session_manager: [WATCHDOG] Found 52 Target.com cookies
2026-05-15 00:54:11,868 INFO src.session.session_manager: [WATCHDOG] 'accessToken' OK (30.0 days left)
2026-05-15 00:54:11,869 INFO src.session.session_manager: [WATCHDOG] 'idToken' OK (30.0 days left)
2026-05-15 00:54:11,869 INFO src.session.session_manager: [WATCHDOG] 'refreshToken' OK (90.0 days left)
2026-05-15 00:54:11,869 INFO src.session.session_manager: [WATCHDOG] 'login-session' OK (30.0 days left)
2026-05-15 00:54:11,869 INFO src.session.session_manager: [WATCHDOG] All cookies healthy!
2026-05-15 00:54:41,019 INFO src.monitoring.stock_check_resilient: [STOCK STATS] t=4080.3s sweeps=12147 (2.98/s) 200=12146 403=0 other=1 beh=0 outstanding=0 sessions=11r/0c/0rc pool A=16 P=0 B=21
2026-05-15 00:55:11,030 INFO src.monitoring.stock_check_resilient: [STOCK STATS] t=4110.3s sweeps=12236 (2.98/s) 200=12234 403=0 other=1 beh=0 outstanding=1 sessions=12r/0c/0rc pool A=16 P=0 B=21
2026-05-15 00:55:11,876 INFO src.session.session_manager: [WATCHDOG] Checking cookies...
2026-05-15 00:55:11,881 INFO src.session.session_manager: [WATCHDOG] Found 52 Target.com cookies
2026-05-15 00:55:11,881 INFO src.session.session_manager: [WATCHDOG] 'accessToken' OK (30.0 days left)
2026-05-15 00:55:11,881 INFO src.session.session_manager: [WATCHDOG] 'idToken' OK (30.0 days left)
2026-05-15 00:55:11,883 INFO src.session.session_manager: [WATCHDOG] 'refreshToken' OK (90.0 days left)
2026-05-15 00:55:11,883 INFO src.session.session_manager: [WATCHDOG] 'login-session' OK (30.0 days left)
2026-05-15 00:55:11,883 INFO src.session.session_manager: [WATCHDOG] All cookies healthy!
2026-05-15 00:55:41,017 INFO src.monitoring.stock_check_resilient: [STOCK STATS] t=4140.3s sweeps=12326 (2.98/s) 200=12325 403=0 other=1 beh=0 outstanding=0 sessions=12r/0c/0rc pool A=16 P=0 B=21
2026-05-15 00:56:11,014 INFO src.monitoring.stock_check_resilient: [STOCK STATS] t=4170.3s sweeps=12415 (2.98/s) 200=12414 403=0 other=1 beh=0 outstanding=0 sessions=12r/0c/0rc pool A=16 P=0 B=21
2026-05-15 00:56:11,890 INFO src.session.session_manager: [WATCHDOG] Checking cookies...
2026-05-15 00:56:11,895 INFO src.session.session_manager: [WATCHDOG] Found 52 Target.com cookies
2026-05-15 00:56:11,895 INFO src.session.session_manager: [WATCHDOG] 'accessToken' OK (30.0 days left)
2026-05-15 00:56:11,895 INFO src.session.session_manager: [WATCHDOG] 'idToken' OK (30.0 days left)
2026-05-15 00:56:11,895 INFO src.session.session_manager: [WATCHDOG] 'refreshToken' OK (89.9 days left)
2026-05-15 00:56:11,895 INFO src.session.session_manager: [WATCHDOG] 'login-session' OK (30.0 days left)
2026-05-15 00:56:11,895 INFO src.session.session_manager: [WATCHDOG] All cookies healthy!
2026-05-15 00:56:41,025 INFO src.monitoring.stock_check_resilient: [STOCK STATS] t=4200.3s sweeps=12504 (2.98/s) 200=12503 403=0 other=1 beh=0 outstanding=0 sessions=12r/0c/0rc pool A=16 P=0 B=21
2026-05-15 00:57:11,029 INFO src.monitoring.stock_check_resilient: [STOCK STATS] t=4230.3s sweeps=12595 (2.98/s) 200=12594 403=0 other=1 beh=0 outstanding=0 sessions=12r/0c/0rc pool A=16 P=0 B=21
2026-05-15 00:57:11,904 INFO src.session.session_manager: [WATCHDOG] Checking cookies...
2026-05-15 00:57:11,908 INFO src.session.session_manager: [WATCHDOG] Found 52 Target.com cookies
2026-05-15 00:57:11,908 INFO src.session.session_manager: [WATCHDOG] 'accessToken' OK (29.9 days left)
2026-05-15 00:57:11,908 INFO src.session.session_manager: [WATCHDOG] 'idToken' OK (29.9 days left)
2026-05-15 00:57:11,908 INFO src.session.session_manager: [WATCHDOG] 'refreshToken' OK (89.9 days left)
2026-05-15 00:57:11,908 INFO src.session.session_manager: [WATCHDOG] 'login-session' OK (29.9 days left)
2026-05-15 00:57:11,909 INFO src.session.session_manager: [WATCHDOG] All cookies healthy!
2026-05-15 00:57:41,025 INFO src.monitoring.stock_check_resilient: [STOCK STATS] t=4260.3s sweeps=12684 (2.98/s) 200=12683 403=0 other=1 beh=0 outstanding=0 sessions=12r/0c/0rc pool A=16 P=0 B=21
2026-05-15 00:58:11,029 INFO src.monitoring.stock_check_resilient: [STOCK STATS] t=4290.3s sweeps=12773 (2.98/s) 200=12771 403=0 other=1 beh=0 outstanding=1 sessions=12r/0c/0rc pool A=16 P=0 B=21
2026-05-15 00:58:11,899 INFO src.session.session_manager: [WATCHDOG] Checking cookies...
2026-05-15 00:58:11,903 INFO src.session.session_manager: [WATCHDOG] Found 52 Target.com cookies
2026-05-15 00:58:11,904 INFO src.session.session_manager: [WATCHDOG] 'accessToken' OK (29.9 days left)
2026-05-15 00:58:11,904 INFO src.session.session_manager: [WATCHDOG] 'idToken' OK (29.9 days left)
2026-05-15 00:58:11,904 INFO src.session.session_manager: [WATCHDOG] 'refreshToken' OK (89.9 days left)
2026-05-15 00:58:11,904 INFO src.session.session_manager: [WATCHDOG] 'login-session' OK (29.9 days left)
2026-05-15 00:58:11,905 INFO src.session.session_manager: [WATCHDOG] All cookies healthy!
2026-05-15 00:58:41,041 INFO src.monitoring.stock_check_resilient: [STOCK STATS] t=4320.3s sweeps=12863 (2.98/s) 200=12862 403=0 other=1 beh=0 outstanding=0 sessions=12r/0c/0rc pool A=16 P=0 B=21
2026-05-15 00:59:11,020 INFO src.monitoring.stock_check_resilient: [STOCK STATS] t=4350.3s sweeps=12953 (2.98/s) 200=12951 403=0 other=1 beh=0 outstanding=1 sessions=12r/0c/0rc pool A=16 P=0 B=21
2026-05-15 00:59:11,930 INFO src.session.session_manager: [WATCHDOG] Checking cookies...
2026-05-15 00:59:11,935 INFO src.session.session_manager: [WATCHDOG] Found 52 Target.com cookies
2026-05-15 00:59:11,935 INFO src.session.session_manager: [WATCHDOG] 'accessToken' OK (29.9 days left)
2026-05-15 00:59:11,935 INFO src.session.session_manager: [WATCHDOG] 'idToken' OK (29.9 days left)
2026-05-15 00:59:11,935 INFO src.session.session_manager: [WATCHDOG] 'refreshToken' OK (89.9 days left)
2026-05-15 00:59:11,935 INFO src.session.session_manager: [WATCHDOG] 'login-session' OK (29.9 days left)
2026-05-15 00:59:11,936 INFO src.session.session_manager: [WATCHDOG] All cookies healthy!
2026-05-15 00:59:41,022 INFO src.monitoring.stock_check_resilient: [STOCK STATS] t=4380.3s sweeps=13042 (2.98/s) 200=13041 403=0 other=1 beh=0 outstanding=0 sessions=12r/0c/0rc pool A=16 P=0 B=21
2026-05-15 01:00:11,028 INFO src.monitoring.stock_check_resilient: [STOCK STATS] t=4410.3s sweeps=13130 (2.98/s) 200=13129 403=0 other=1 beh=0 outstanding=0 sessions=12r/0c/0rc pool A=16 P=0 B=21
2026-05-15 01:00:11,953 INFO src.session.session_manager: [WATCHDOG] Checking cookies...
2026-05-15 01:00:11,959 INFO src.session.session_manager: [WATCHDOG] Found 52 Target.com cookies
2026-05-15 01:00:11,959 INFO src.session.session_manager: [WATCHDOG] 'accessToken' OK (29.9 days left)
2026-05-15 01:00:11,959 INFO src.session.session_manager: [WATCHDOG] 'idToken' OK (29.9 days left)
2026-05-15 01:00:11,959 INFO src.session.session_manager: [WATCHDOG] 'refreshToken' OK (89.9 days left)
2026-05-15 01:00:11,959 INFO src.session.session_manager: [WATCHDOG] 'login-session' OK (29.9 days left)
2026-05-15 01:00:11,959 INFO src.session.session_manager: [WATCHDOG] All cookies healthy!
2026-05-15 01:00:41,037 INFO src.monitoring.stock_check_resilient: [STOCK STATS] t=4440.3s sweeps=13218 (2.98/s) 200=13217 403=0 other=1 beh=0 outstanding=0 sessions=12r/0c/0rc pool A=16 P=0 B=21
2026-05-15 01:01:11,041 INFO src.monitoring.stock_check_resilient: [STOCK STATS] t=4470.3s sweeps=13307 (2.98/s) 200=13305 403=0 other=1 beh=0 outstanding=1 sessions=12r/0c/0rc pool A=16 P=0 B=21
2026-05-15 01:01:11,955 INFO src.session.session_manager: [WATCHDOG] Checking cookies...
2026-05-15 01:01:11,961 INFO src.session.session_manager: [WATCHDOG] Found 52 Target.com cookies
2026-05-15 01:01:11,961 INFO src.session.session_manager: [WATCHDOG] 'accessToken' OK (29.9 days left)
2026-05-15 01:01:11,961 INFO src.session.session_manager: [WATCHDOG] 'idToken' OK (29.9 days left)
2026-05-15 01:01:11,961 INFO src.session.session_manager: [WATCHDOG] 'refreshToken' OK (89.9 days left)
2026-05-15 01:01:11,961 INFO src.session.session_manager: [WATCHDOG] 'login-session' OK (29.9 days left)
2026-05-15 01:01:11,962 INFO src.session.session_manager: [WATCHDOG] All cookies healthy!
2026-05-15 01:01:41,032 INFO src.monitoring.stock_check_resilient: [STOCK STATS] t=4500.3s sweeps=13396 (2.98/s) 200=13395 403=0 other=1 beh=0 outstanding=0 sessions=12r/0c/0rc pool A=16 P=0 B=21
2026-05-15 01:02:11,039 INFO src.monitoring.stock_check_resilient: [STOCK STATS] t=4530.3s sweeps=13487 (2.98/s) 200=13485 403=0 other=1 beh=0 outstanding=1 sessions=12r/0c/0rc pool A=16 P=0 B=21
2026-05-15 01:02:11,972 INFO src.session.session_manager: [WATCHDOG] Checking cookies...
2026-05-15 01:02:11,977 INFO src.session.session_manager: [WATCHDOG] Found 52 Target.com cookies
2026-05-15 01:02:11,977 INFO src.session.session_manager: [WATCHDOG] 'accessToken' OK (29.9 days left)
2026-05-15 01:02:11,977 INFO src.session.session_manager: [WATCHDOG] 'idToken' OK (29.9 days left)
2026-05-15 01:02:11,977 INFO src.session.session_manager: [WATCHDOG] 'refreshToken' OK (89.9 days left)
2026-05-15 01:02:11,977 INFO src.session.session_manager: [WATCHDOG] 'login-session' OK (29.9 days left)
2026-05-15 01:02:11,977 INFO src.session.session_manager: [WATCHDOG] All cookies healthy!
2026-05-15 01:02:41,028 INFO src.monitoring.stock_check_resilient: [STOCK STATS] t=4560.3s sweeps=13577 (2.98/s) 200=13575 403=0 other=1 beh=0 outstanding=1 sessions=12r/0c/0rc pool A=16 P=0 B=21
2026-05-15 01:03:11,030 INFO src.monitoring.stock_check_resilient: [STOCK STATS] t=4590.3s sweeps=13666 (2.98/s) 200=13665 403=0 other=1 beh=0 outstanding=0 sessions=12r/0c/0rc pool A=16 P=0 B=21
2026-05-15 01:03:11,972 INFO src.session.session_manager: [WATCHDOG] Checking cookies...
2026-05-15 01:03:11,977 INFO src.session.session_manager: [WATCHDOG] Found 52 Target.com cookies
2026-05-15 01:03:11,978 INFO src.session.session_manager: [WATCHDOG] 'accessToken' OK (29.9 days left)
2026-05-15 01:03:11,978 INFO src.session.session_manager: [WATCHDOG] 'idToken' OK (29.9 days left)
2026-05-15 01:03:11,978 INFO src.session.session_manager: [WATCHDOG] 'refreshToken' OK (89.9 days left)
2026-05-15 01:03:11,978 INFO src.session.session_manager: [WATCHDOG] 'login-session' OK (29.9 days left)
2026-05-15 01:03:11,978 INFO src.session.session_manager: [WATCHDOG] All cookies healthy!
2026-05-15 01:03:41,060 INFO src.monitoring.stock_check_resilient: [STOCK STATS] t=4620.4s sweeps=13756 (2.98/s) 200=13753 403=0 other=2 beh=0 outstanding=1 sessions=12r/0c/0rc pool A=16 P=0 B=21
2026-05-15 01:04:11,060 INFO src.monitoring.stock_check_resilient: [STOCK STATS] t=4650.4s sweeps=13846 (2.98/s) 200=13841 403=0 other=4 beh=0 outstanding=1 sessions=12r/0c/0rc pool A=16 P=0 B=21
2026-05-15 01:04:11,984 INFO src.session.session_manager: [WATCHDOG] Checking cookies...
2026-05-15 01:04:11,989 INFO src.session.session_manager: [WATCHDOG] Found 52 Target.com cookies
2026-05-15 01:04:11,989 INFO src.session.session_manager: [WATCHDOG] 'accessToken' OK (29.9 days left)
2026-05-15 01:04:11,989 INFO src.session.session_manager: [WATCHDOG] 'idToken' OK (29.9 days left)
2026-05-15 01:04:11,989 INFO src.session.session_manager: [WATCHDOG] 'refreshToken' OK (89.9 days left)
2026-05-15 01:04:11,990 INFO src.session.session_manager: [WATCHDOG] 'login-session' OK (29.9 days left)
2026-05-15 01:04:11,990 INFO src.session.session_manager: [WATCHDOG] All cookies healthy!
2026-05-15 01:04:41,072 INFO src.monitoring.stock_check_resilient: [STOCK STATS] t=4680.4s sweeps=13936 (2.98/s) 200=13927 403=0 other=7 beh=0 outstanding=2 sessions=12r/0c/0rc pool A=16 P=0 B=21
2026-05-15 01:04:41,338 WARNING src.monitoring.tab_dispatcher: [DISPATCHER] s3 flagged crashed after 5 consec errors (timeout)
2026-05-15 01:05:11,073 INFO src.monitoring.stock_check_resilient: [STOCK STATS] t=4710.4s sweeps=14025 (2.98/s) 200=14015 403=0 other=9 beh=0 outstanding=1 sessions=10r/1c/0rc pool A=16 P=0 B=21
2026-05-15 01:05:11,073 INFO src.session.multi_session_pool: [MULTI_SESSION] recycling s3 (was=crashed, crash_count=0)
2026-05-15 01:05:12,009 INFO src.session.session_manager: [WATCHDOG] Checking cookies...
2026-05-15 01:05:12,014 INFO src.session.session_manager: [WATCHDOG] Found 52 Target.com cookies
2026-05-15 01:05:12,014 INFO src.session.session_manager: [WATCHDOG] 'accessToken' OK (29.9 days left)
2026-05-15 01:05:12,014 INFO src.session.session_manager: [WATCHDOG] 'idToken' OK (29.9 days left)
2026-05-15 01:05:12,015 INFO src.session.session_manager: [WATCHDOG] 'refreshToken' OK (89.9 days left)
2026-05-15 01:05:12,015 INFO src.session.session_manager: [WATCHDOG] 'login-session' OK (29.9 days left)
2026-05-15 01:05:12,015 INFO src.session.session_manager: [WATCHDOG] All cookies healthy!
2026-05-15 01:05:29,049 INFO zendriver.core.browser: starting
	executable :C:\Program Files (x86)\Google\Chrome\Application\chrome.exe

arguments:
--remote-allow-origins=*
	--no-first-run
	--no-service-autorun
	--no-default-browser-check
	--homepage=about:blank
	--no-pings
	--password-store=basic
	--disable-infobars
	--disable-breakpad
	--disable-component-update
	--disable-backgrounding-occluded-windows
	--disable-renderer-backgrounding
	--disable-background-networking
	--disable-dev-shm-usage
	--disable-features=IsolateOrigins,DisableLoadExtensionCommandLineSwitch,site-per-process
	--disable-session-crashed-bubble
	--disable-search-engine-choice-screen
	--user-data-dir=C:\Users\Anuraj\Desktop\testScraper\state\session_profiles\s3
	--disable-features=IsolateOrigins,site-per-process
	--disable-session-crashed-bubble
	--proxy-server=127.0.0.1:24002
	--window-size=1024,768
	--disable-extensions
	--disable-default-apps
	--disable-sync
	--no-experiments
	--metrics-recording-only
	--safebrowsing-disable-auto-update
	--disable-client-side-phishing-detection
	--disable-domain-reliability
	--disable-features=IsolateOrigins,site-per-process,OptimizationHints,Translate,MediaRouter,DialMediaRouteProvider,InterestFeedV2,CalculateNativeWinOcclusion,AccountConsistency,SafeBrowsingEnhancedProtectionMessageInInterstitials
	--remote-debugging-host=127.0.0.1
	--remote-debugging-port=55281
	--webrtc-ip-handling-policy=disable_non_proxied_udp
	--force-webrtc-ip-handling-policy
	about:blank
2026-05-15 01:05:30,048 INFO zendriver.core.browser: enabling autodiscover targets
2026-05-15 01:05:38,826 INFO src.session.multi_session_pool: [MULTI_SESSION] s3 (31.98.154.172) ready cookies=11 visitor_id=019E2550... (9.8s)
2026-05-15 01:05:41,082 INFO src.monitoring.stock_check_resilient: [STOCK STATS] t=4740.4s sweeps=14115 (2.98/s) 200=14102 403=0 other=11 beh=0 outstanding=2 sessions=12r/0c/0rc pool A=16 P=0 B=21
2026-05-15 01:05:44,075 WARNING src.monitoring.tab_dispatcher: [DISPATCHER] s2 flagged crashed after 5 consec errors (timeout)
2026-05-15 01:06:11,081 INFO src.monitoring.stock_check_resilient: [STOCK STATS] t=4770.4s sweeps=14203 (2.98/s) 200=14191 403=0 other=12 beh=0 outstanding=0 sessions=11r/1c/0rc pool A=16 P=0 B=21
2026-05-15 01:06:11,081 INFO src.session.multi_session_pool: [MULTI_SESSION] recycling s2 (was=crashed, crash_count=0)
2026-05-15 01:06:12,034 INFO src.session.session_manager: [WATCHDOG] Checking cookies...
2026-05-15 01:06:12,040 INFO src.session.session_manager: [WATCHDOG] Found 53 Target.com cookies
2026-05-15 01:06:12,040 INFO src.session.session_manager: [WATCHDOG] 'accessToken' OK (29.9 days left)
2026-05-15 01:06:12,041 INFO src.session.session_manager: [WATCHDOG] 'idToken' OK (29.9 days left)
2026-05-15 01:06:12,041 INFO src.session.session_manager: [WATCHDOG] 'refreshToken' OK (89.9 days left)
2026-05-15 01:06:12,041 INFO src.session.session_manager: [WATCHDOG] 'login-session' OK (29.9 days left)
2026-05-15 01:06:12,041 INFO src.session.session_manager: [WATCHDOG] All cookies healthy!
2026-05-15 01:06:25,607 INFO zendriver.core.browser: starting
	executable :C:\Program Files (x86)\Google\Chrome\Application\chrome.exe

arguments:
--remote-allow-origins=*
	--no-first-run
	--no-service-autorun
	--no-default-browser-check
	--homepage=about:blank
	--no-pings
	--password-store=basic
	--disable-infobars
	--disable-breakpad
	--disable-component-update
	--disable-backgrounding-occluded-windows
	--disable-renderer-backgrounding
	--disable-background-networking
	--disable-dev-shm-usage
	--disable-features=IsolateOrigins,DisableLoadExtensionCommandLineSwitch,site-per-process
	--disable-session-crashed-bubble
	--disable-search-engine-choice-screen
	--user-data-dir=C:\Users\Anuraj\Desktop\testScraper\state\session_profiles\s2
	--disable-features=IsolateOrigins,site-per-process
	--disable-session-crashed-bubble
	--proxy-server=127.0.0.1:24001
	--window-size=1024,768
	--disable-extensions
	--disable-default-apps
	--disable-sync
	--no-experiments
	--metrics-recording-only
	--safebrowsing-disable-auto-update
	--disable-client-side-phishing-detection
	--disable-domain-reliability
	--disable-features=IsolateOrigins,site-per-process,OptimizationHints,Translate,MediaRouter,DialMediaRouteProvider,InterestFeedV2,CalculateNativeWinOcclusion,AccountConsistency,SafeBrowsingEnhancedProtectionMessageInInterstitials
	--remote-debugging-host=127.0.0.1
	--remote-debugging-port=59979
	--webrtc-ip-handling-policy=disable_non_proxied_udp
	--force-webrtc-ip-handling-policy
	about:blank
2026-05-15 01:06:26,619 INFO zendriver.core.browser: enabling autodiscover targets
2026-05-15 01:06:35,740 INFO src.session.multi_session_pool: [MULTI_SESSION] s2 (31.105.18.86) ready cookies=11 visitor_id=019E2550... (10.1s)
2026-05-15 01:06:41,086 INFO src.monitoring.stock_check_resilient: [STOCK STATS] t=4800.4s sweeps=14293 (2.98/s) 200=14280 403=0 other=12 beh=0 outstanding=1 sessions=12r/0c/0rc pool A=16 P=0 B=21
2026-05-15 01:07:11,062 INFO src.monitoring.stock_check_resilient: [STOCK STATS] t=4830.4s sweeps=14382 (2.98/s) 200=14367 403=0 other=13 beh=0 outstanding=2 sessions=12r/0c/0rc pool A=16 P=0 B=21
2026-05-15 01:07:12,017 INFO src.session.session_manager: [WATCHDOG] Checking cookies...
2026-05-15 01:07:12,021 INFO src.session.session_manager: [WATCHDOG] Found 53 Target.com cookies
2026-05-15 01:07:12,022 INFO src.session.session_manager: [WATCHDOG] 'accessToken' OK (29.9 days left)
2026-05-15 01:07:12,022 INFO src.session.session_manager: [WATCHDOG] 'idToken' OK (29.9 days left)
2026-05-15 01:07:12,022 INFO src.session.session_manager: [WATCHDOG] 'refreshToken' OK (89.9 days left)
2026-05-15 01:07:12,022 INFO src.session.session_manager: [WATCHDOG] 'login-session' OK (29.9 days left)
2026-05-15 01:07:12,022 INFO src.session.session_manager: [WATCHDOG] All cookies healthy!
2026-05-15 01:07:41,071 INFO src.monitoring.stock_check_resilient: [STOCK STATS] t=4860.4s sweeps=14470 (2.98/s) 200=14454 403=0 other=15 beh=0 outstanding=1 sessions=12r/0c/0rc pool A=16 P=0 B=21
2026-05-15 01:08:11,090 INFO src.monitoring.stock_check_resilient: [STOCK STATS] t=4890.4s sweeps=14561 (2.98/s) 200=14543 403=0 other=16 beh=0 outstanding=2 sessions=12r/0c/0rc pool A=16 P=0 B=21
2026-05-15 01:08:12,038 INFO src.session.session_manager: [WATCHDOG] Checking cookies...
2026-05-15 01:08:12,043 INFO src.session.session_manager: [WATCHDOG] Found 53 Target.com cookies
2026-05-15 01:08:12,043 INFO src.session.session_manager: [WATCHDOG] 'accessToken' OK (29.9 days left)
2026-05-15 01:08:12,043 INFO src.session.session_manager: [WATCHDOG] 'idToken' OK (29.9 days left)
2026-05-15 01:08:12,044 INFO src.session.session_manager: [WATCHDOG] 'refreshToken' OK (89.9 days left)
2026-05-15 01:08:12,044 INFO src.session.session_manager: [WATCHDOG] 'login-session' OK (29.9 days left)
2026-05-15 01:08:12,044 INFO src.session.session_manager: [WATCHDOG] All cookies healthy!
2026-05-15 01:08:18,569 WARNING src.monitoring.tab_dispatcher: [DISPATCHER] s8 flagged crashed after 5 consec errors (timeout)
2026-05-15 01:08:41,073 INFO src.monitoring.stock_check_resilient: [STOCK STATS] t=4920.4s sweeps=14650 (2.98/s) 200=14629 403=0 other=19 beh=0 outstanding=2 sessions=11r/1c/0rc pool A=16 P=0 B=21
2026-05-15 01:08:41,073 INFO src.session.multi_session_pool: [MULTI_SESSION] recycling s8 (was=crashed, crash_count=0)
2026-05-15 01:08:55,420 INFO zendriver.core.browser: starting
	executable :C:\Program Files (x86)\Google\Chrome\Application\chrome.exe

arguments:
--remote-allow-origins=*
	--no-first-run
	--no-service-autorun
	--no-default-browser-check
	--homepage=about:blank
	--no-pings
	--password-store=basic
	--disable-infobars
	--disable-breakpad
	--disable-component-update
	--disable-backgrounding-occluded-windows
	--disable-renderer-backgrounding
	--disable-background-networking
	--disable-dev-shm-usage
	--disable-features=IsolateOrigins,DisableLoadExtensionCommandLineSwitch,site-per-process
	--disable-session-crashed-bubble
	--disable-search-engine-choice-screen
	--user-data-dir=C:\Users\Anuraj\Desktop\testScraper\state\session_profiles\s8
	--disable-features=IsolateOrigins,site-per-process
	--disable-session-crashed-bubble
	--proxy-server=127.0.0.1:24007
	--window-size=1024,768
	--disable-extensions
	--disable-default-apps
	--disable-sync
	--no-experiments
	--metrics-recording-only
	--safebrowsing-disable-auto-update
	--disable-client-side-phishing-detection
	--disable-domain-reliability
	--disable-features=IsolateOrigins,site-per-process,OptimizationHints,Translate,MediaRouter,DialMediaRouteProvider,InterestFeedV2,CalculateNativeWinOcclusion,AccountConsistency,SafeBrowsingEnhancedProtectionMessageInInterstitials
	--remote-debugging-host=127.0.0.1
	--remote-debugging-port=57096
	--webrtc-ip-handling-policy=disable_non_proxied_udp
	--force-webrtc-ip-handling-policy
	about:blank
2026-05-15 01:08:56,433 INFO zendriver.core.browser: enabling autodiscover targets
2026-05-15 01:09:05,364 INFO src.session.multi_session_pool: [MULTI_SESSION] s8 (176.46.135.20) ready cookies=11 visitor_id=019E2551... (9.9s)
2026-05-15 01:09:11,065 INFO src.monitoring.stock_check_resilient: [STOCK STATS] t=4950.4s sweeps=14740 (2.98/s) 200=14714 403=0 other=23 beh=0 outstanding=3 sessions=12r/0c/0rc pool A=16 P=0 B=21
2026-05-15 01:09:12,043 INFO src.session.session_manager: [WATCHDOG] Checking cookies...
2026-05-15 01:09:12,048 INFO src.session.session_manager: [WATCHDOG] Found 53 Target.com cookies
2026-05-15 01:09:12,048 INFO src.session.session_manager: [WATCHDOG] 'accessToken' OK (29.9 days left)
2026-05-15 01:09:12,048 INFO src.session.session_manager: [WATCHDOG] 'idToken' OK (29.9 days left)
2026-05-15 01:09:12,049 INFO src.session.session_manager: [WATCHDOG] 'refreshToken' OK (89.9 days left)
2026-05-15 01:09:12,049 INFO src.session.session_manager: [WATCHDOG] 'login-session' OK (29.9 days left)
2026-05-15 01:09:12,049 INFO src.session.session_manager: [WATCHDOG] All cookies healthy!

[SYSTEM] Shutting down gracefully... (press Ctrl+C again to force-exit)
[01:09:23] [SYSTEM] Application shutting down
[CLEANUP] taskkill /F /T /PID 456 → exit 0
[SYSTEM] Browser closed
2026-05-15 01:09:23,790 WARNING src.session.session_manager: Cannot save session - no tab available
[SYSTEM] Session saved
[PERSISTENCE] Shutdown signal received
[PERSISTENCE] Worker loop exited
[PERSISTENCE] Worker stopped cleanly (5 saves, 0 errors)
[SYSTEM] Shutdown complete
