[INVESTIGATE] proxies=16 tcins=34 duration=240s rps=3.0 preflight=OFF
2026-05-21 23:19:07,378 INFO [PROXY_STATE] no existing state file; starting fresh
2026-05-21 23:19:07,381 INFO [FORWARDER] 127.0.0.1:24000 → brd.superproxy.io:33335 (exit_ip=31.105.133.83)
2026-05-21 23:19:07,381 INFO [FORWARDER] 127.0.0.1:24001 → brd.superproxy.io:33335 (exit_ip=31.98.154.172)
2026-05-21 23:19:07,382 INFO [FORWARDER] 127.0.0.1:24002 → brd.superproxy.io:33335 (exit_ip=72.56.171.184)
2026-05-21 23:19:07,382 INFO [FORWARDER] 127.0.0.1:24003 → brd.superproxy.io:33335 (exit_ip=31.105.18.86)
2026-05-21 23:19:07,382 INFO [FORWARDER] 127.0.0.1:24004 → brd.superproxy.io:33335 (exit_ip=31.105.93.225)
2026-05-21 23:19:07,382 INFO [FORWARDER] 127.0.0.1:24005 → brd.superproxy.io:33335 (exit_ip=168.158.141.141)
2026-05-21 23:19:07,382 INFO [FORWARDER] 127.0.0.1:24006 → brd.superproxy.io:33335 (exit_ip=75.153.74.14)
2026-05-21 23:19:07,382 INFO [FORWARDER] 127.0.0.1:24007 → brd.superproxy.io:33335 (exit_ip=31.105.155.55)
2026-05-21 23:19:07,382 INFO [FORWARDER] 127.0.0.1:24008 → brd.superproxy.io:33335 (exit_ip=168.158.75.7)
2026-05-21 23:19:07,383 INFO [FORWARDER] 127.0.0.1:24009 → brd.superproxy.io:33335 (exit_ip=168.158.53.131)
2026-05-21 23:19:07,383 INFO [FORWARDER] 127.0.0.1:24010 → brd.superproxy.io:33335 (exit_ip=109.203.188.232)
2026-05-21 23:19:07,383 INFO [FORWARDER] 127.0.0.1:24011 → brd.superproxy.io:33335 (exit_ip=75.153.114.122)
2026-05-21 23:19:07,383 INFO [FORWARDER] 127.0.0.1:24012 → brd.superproxy.io:33335 (exit_ip=75.153.66.213)
2026-05-21 23:19:07,383 INFO [FORWARDER] 127.0.0.1:24013 → brd.superproxy.io:33335 (exit_ip=75.153.120.117)
2026-05-21 23:19:07,383 INFO [FORWARDER] 127.0.0.1:24014 → brd.superproxy.io:33335 (exit_ip=31.105.183.245)
2026-05-21 23:19:07,383 INFO [FORWARDER] 127.0.0.1:24015 → brd.superproxy.io:33335 (exit_ip=31.105.153.101)
2026-05-21 23:19:07,383 INFO [FORWARDER] started 16 listeners
2026-05-21 23:19:07,383 INFO [MULTI_SESSION] launching 16 persistent Chromes (stagger=600s, gap≈37.5s/session)
2026-05-21 23:19:07,383 INFO starting
	executable :C:\Program Files\Google\Chrome\Application\chrome.exe

arguments:
--remote-allow-origins=*
	--no-first-run
	--no-service-autorun
	--no-default-browser-check
	--homepage=about:blank
	--no-pings
	--password-store=basic
	--disable-infobars
	--disable-breakpad
	--disable-component-update
	--disable-backgrounding-occluded-windows
	--disable-renderer-backgrounding
	--disable-background-networking
	--disable-dev-shm-usage
	--disable-features=IsolateOrigins,DisableLoadExtensionCommandLineSwitch,site-per-process
	--disable-session-crashed-bubble
	--disable-search-engine-choice-screen
	--user-data-dir=C:\Users\elric\Desktop\testScraper\state\session_profiles\s1
	--disable-features=IsolateOrigins,site-per-process
	--disable-session-crashed-bubble
	--proxy-server=127.0.0.1:24000
	--window-size=1024,768
	--disable-extensions
	--disable-default-apps
	--disable-sync
	--no-experiments
	--metrics-recording-only
	--safebrowsing-disable-auto-update
	--disable-client-side-phishing-detection
	--disable-domain-reliability
	--disable-features=IsolateOrigins,site-per-process,OptimizationHints,Translate,MediaRouter,DialMediaRouteProvider,InterestFeedV2,CalculateNativeWinOcclusion,AccountConsistency,SafeBrowsingEnhancedProtectionMessageInInterstitials
	--remote-debugging-host=127.0.0.1
	--remote-debugging-port=63343
	--webrtc-ip-handling-policy=disable_non_proxied_udp
	--force-webrtc-ip-handling-policy
	about:blank
2026-05-21 23:19:08,425 INFO enabling autodiscover targets
2026-05-21 23:19:17,505 INFO [MULTI_SESSION] s1 (31.105.133.83) ready cookies=11 visitor_id=019E2403... (10.1s)
2026-05-21 23:19:49,948 INFO starting
	executable :C:\Program Files\Google\Chrome\Application\chrome.exe

arguments:
--remote-allow-origins=*
	--no-first-run
	--no-service-autorun
	--no-default-browser-check
	--homepage=about:blank
	--no-pings
	--password-store=basic
	--disable-infobars
	--disable-breakpad
	--disable-component-update
	--disable-backgrounding-occluded-windows
	--disable-renderer-backgrounding
	--disable-background-networking
	--disable-dev-shm-usage
	--disable-features=IsolateOrigins,DisableLoadExtensionCommandLineSwitch,site-per-process
	--disable-session-crashed-bubble
	--disable-search-engine-choice-screen
	--user-data-dir=C:\Users\elric\Desktop\testScraper\state\session_profiles\s2
	--disable-features=IsolateOrigins,site-per-process
	--disable-session-crashed-bubble
	--proxy-server=127.0.0.1:24001
	--window-size=1024,768
	--disable-extensions
	--disable-default-apps
	--disable-sync
	--no-experiments
	--metrics-recording-only
	--safebrowsing-disable-auto-update
	--disable-client-side-phishing-detection
	--disable-domain-reliability
	--disable-features=IsolateOrigins,site-per-process,OptimizationHints,Translate,MediaRouter,DialMediaRouteProvider,InterestFeedV2,CalculateNativeWinOcclusion,AccountConsistency,SafeBrowsingEnhancedProtectionMessageInInterstitials
	--remote-debugging-host=127.0.0.1
	--remote-debugging-port=50488
	--webrtc-ip-handling-policy=disable_non_proxied_udp
	--force-webrtc-ip-handling-policy
	about:blank
2026-05-21 23:19:50,490 ERROR Exception in callback _ProactorBasePipeTransport._call_connection_lost(None)
handle: <Handle _ProactorBasePipeTransport._call_connection_lost(None)>
Traceback (most recent call last):
  File "C:\Users\elric\AppData\Local\Programs\Python\Python312\Lib\asyncio\events.py", line 88, in _run
    self._context.run(self._callback, *self._args)
  File "C:\Users\elric\AppData\Local\Programs\Python\Python312\Lib\asyncio\proactor_events.py", line 165, in _call_connection_lost
    self._sock.shutdown(socket.SHUT_RDWR)
ConnectionResetError: [WinError 10054] An existing connection was forcibly closed by the remote host
2026-05-21 23:19:50,964 INFO enabling autodiscover targets
2026-05-21 23:19:59,894 INFO [MULTI_SESSION] s2 (31.98.154.172) ready cookies=11 visitor_id=019E2403... (9.9s)
2026-05-21 23:20:37,261 INFO starting
	executable :C:\Program Files\Google\Chrome\Application\chrome.exe

arguments:
--remote-allow-origins=*
	--no-first-run
	--no-service-autorun
	--no-default-browser-check
	--homepage=about:blank
	--no-pings
	--password-store=basic
	--disable-infobars
	--disable-breakpad
	--disable-component-update
	--disable-backgrounding-occluded-windows
	--disable-renderer-backgrounding
	--disable-background-networking
	--disable-dev-shm-usage
	--disable-features=IsolateOrigins,DisableLoadExtensionCommandLineSwitch,site-per-process
	--disable-session-crashed-bubble
	--disable-search-engine-choice-screen
	--user-data-dir=C:\Users\elric\Desktop\testScraper\state\session_profiles\s3
	--disable-features=IsolateOrigins,site-per-process
	--disable-session-crashed-bubble
	--proxy-server=127.0.0.1:24002
	--window-size=1024,768
	--disable-extensions
	--disable-default-apps
	--disable-sync
	--no-experiments
	--metrics-recording-only
	--safebrowsing-disable-auto-update
	--disable-client-side-phishing-detection
	--disable-domain-reliability
	--disable-features=IsolateOrigins,site-per-process,OptimizationHints,Translate,MediaRouter,DialMediaRouteProvider,InterestFeedV2,CalculateNativeWinOcclusion,AccountConsistency,SafeBrowsingEnhancedProtectionMessageInInterstitials
	--remote-debugging-host=127.0.0.1
	--remote-debugging-port=65516
	--webrtc-ip-handling-policy=disable_non_proxied_udp
	--force-webrtc-ip-handling-policy
	about:blank
2026-05-21 23:20:38,259 INFO enabling autodiscover targets
2026-05-21 23:20:47,323 INFO [MULTI_SESSION] s3 (72.56.171.184) ready cookies=11 visitor_id=019E2404... (10.1s)
2026-05-21 23:21:23,742 INFO starting
	executable :C:\Program Files\Google\Chrome\Application\chrome.exe

arguments:
--remote-allow-origins=*
	--no-first-run
	--no-service-autorun
	--no-default-browser-check
	--homepage=about:blank
	--no-pings
	--password-store=basic
	--disable-infobars
	--disable-breakpad
	--disable-component-update
	--disable-backgrounding-occluded-windows
	--disable-renderer-backgrounding
	--disable-background-networking
	--disable-dev-shm-usage
	--disable-features=IsolateOrigins,DisableLoadExtensionCommandLineSwitch,site-per-process
	--disable-session-crashed-bubble
	--disable-search-engine-choice-screen
	--user-data-dir=C:\Users\elric\Desktop\testScraper\state\session_profiles\s4
	--disable-features=IsolateOrigins,site-per-process
	--disable-session-crashed-bubble
	--proxy-server=127.0.0.1:24003
	--window-size=1024,768
	--disable-extensions
	--disable-default-apps
	--disable-sync
	--no-experiments
	--metrics-recording-only
	--safebrowsing-disable-auto-update
	--disable-client-side-phishing-detection
	--disable-domain-reliability
	--disable-features=IsolateOrigins,site-per-process,OptimizationHints,Translate,MediaRouter,DialMediaRouteProvider,InterestFeedV2,CalculateNativeWinOcclusion,AccountConsistency,SafeBrowsingEnhancedProtectionMessageInInterstitials
	--remote-debugging-host=127.0.0.1
	--remote-debugging-port=56254
	--webrtc-ip-handling-policy=disable_non_proxied_udp
	--force-webrtc-ip-handling-policy
	about:blank
2026-05-21 23:21:24,740 INFO enabling autodiscover targets
2026-05-21 23:21:33,562 INFO [MULTI_SESSION] s4 (31.105.18.86) ready cookies=11 visitor_id=019E2513... (9.8s)
2026-05-21 23:22:16,761 INFO starting
	executable :C:\Program Files\Google\Chrome\Application\chrome.exe

arguments:
--remote-allow-origins=*
	--no-first-run
	--no-service-autorun
	--no-default-browser-check
	--homepage=about:blank
	--no-pings
	--password-store=basic
	--disable-infobars
	--disable-breakpad
	--disable-component-update
	--disable-backgrounding-occluded-windows
	--disable-renderer-backgrounding
	--disable-background-networking
	--disable-dev-shm-usage
	--disable-features=IsolateOrigins,DisableLoadExtensionCommandLineSwitch,site-per-process
	--disable-session-crashed-bubble
	--disable-search-engine-choice-screen
	--user-data-dir=C:\Users\elric\Desktop\testScraper\state\session_profiles\s5
	--disable-features=IsolateOrigins,site-per-process
	--disable-session-crashed-bubble
	--proxy-server=127.0.0.1:24004
	--window-size=1024,768
	--disable-extensions
	--disable-default-apps
	--disable-sync
	--no-experiments
	--metrics-recording-only
	--safebrowsing-disable-auto-update
	--disable-client-side-phishing-detection
	--disable-domain-reliability
	--disable-features=IsolateOrigins,site-per-process,OptimizationHints,Translate,MediaRouter,DialMediaRouteProvider,InterestFeedV2,CalculateNativeWinOcclusion,AccountConsistency,SafeBrowsingEnhancedProtectionMessageInInterstitials
	--remote-debugging-host=127.0.0.1
	--remote-debugging-port=55372
	--webrtc-ip-handling-policy=disable_non_proxied_udp
	--force-webrtc-ip-handling-policy
	about:blank
2026-05-21 23:22:17,793 INFO enabling autodiscover targets
2026-05-21 23:22:26,635 INFO [MULTI_SESSION] s5 (31.105.93.225) ready cookies=11 visitor_id=019E2514... (9.9s)
2026-05-21 23:22:53,094 INFO starting
	executable :C:\Program Files\Google\Chrome\Application\chrome.exe

arguments:
--remote-allow-origins=*
	--no-first-run
	--no-service-autorun
	--no-default-browser-check
	--homepage=about:blank
	--no-pings
	--password-store=basic
	--disable-infobars
	--disable-breakpad
	--disable-component-update
	--disable-backgrounding-occluded-windows
	--disable-renderer-backgrounding
	--disable-background-networking
	--disable-dev-shm-usage
	--disable-features=IsolateOrigins,DisableLoadExtensionCommandLineSwitch,site-per-process
	--disable-session-crashed-bubble
	--disable-search-engine-choice-screen
	--user-data-dir=C:\Users\elric\Desktop\testScraper\state\session_profiles\s6
	--disable-features=IsolateOrigins,site-per-process
	--disable-session-crashed-bubble
	--proxy-server=127.0.0.1:24005
	--window-size=1024,768
	--disable-extensions
	--disable-default-apps
	--disable-sync
	--no-experiments
	--metrics-recording-only
	--safebrowsing-disable-auto-update
	--disable-client-side-phishing-detection
	--disable-domain-reliability
	--disable-features=IsolateOrigins,site-per-process,OptimizationHints,Translate,MediaRouter,DialMediaRouteProvider,InterestFeedV2,CalculateNativeWinOcclusion,AccountConsistency,SafeBrowsingEnhancedProtectionMessageInInterstitials
	--remote-debugging-host=127.0.0.1
	--remote-debugging-port=63736
	--webrtc-ip-handling-policy=disable_non_proxied_udp
	--force-webrtc-ip-handling-policy
	about:blank
2026-05-21 23:22:54,120 INFO enabling autodiscover targets
2026-05-21 23:23:03,197 INFO [MULTI_SESSION] s6 (168.158.141.141) ready cookies=11 visitor_id=019E2518... (10.1s)
2026-05-21 23:23:34,810 INFO starting
	executable :C:\Program Files\Google\Chrome\Application\chrome.exe

arguments:
--remote-allow-origins=*
	--no-first-run
	--no-service-autorun
	--no-default-browser-check
	--homepage=about:blank
	--no-pings
	--password-store=basic
	--disable-infobars
	--disable-breakpad
	--disable-component-update
	--disable-backgrounding-occluded-windows
	--disable-renderer-backgrounding
	--disable-background-networking
	--disable-dev-shm-usage
	--disable-features=IsolateOrigins,DisableLoadExtensionCommandLineSwitch,site-per-process
	--disable-session-crashed-bubble
	--disable-search-engine-choice-screen
	--user-data-dir=C:\Users\elric\Desktop\testScraper\state\session_profiles\s7
	--disable-features=IsolateOrigins,site-per-process
	--disable-session-crashed-bubble
	--proxy-server=127.0.0.1:24006
	--window-size=1024,768
	--disable-extensions
	--disable-default-apps
	--disable-sync
	--no-experiments
	--metrics-recording-only
	--safebrowsing-disable-auto-update
	--disable-client-side-phishing-detection
	--disable-domain-reliability
	--disable-features=IsolateOrigins,site-per-process,OptimizationHints,Translate,MediaRouter,DialMediaRouteProvider,InterestFeedV2,CalculateNativeWinOcclusion,AccountConsistency,SafeBrowsingEnhancedProtectionMessageInInterstitials
	--remote-debugging-host=127.0.0.1
	--remote-debugging-port=54926
	--webrtc-ip-handling-policy=disable_non_proxied_udp
	--force-webrtc-ip-handling-policy
	about:blank
2026-05-21 23:23:35,839 INFO enabling autodiscover targets
2026-05-21 23:23:44,714 INFO [MULTI_SESSION] s7 (75.153.74.14) ready cookies=11 visitor_id=019E2519... (9.9s)
2026-05-21 23:24:15,417 INFO starting
	executable :C:\Program Files\Google\Chrome\Application\chrome.exe

arguments:
--remote-allow-origins=*
	--no-first-run
	--no-service-autorun
	--no-default-browser-check
	--homepage=about:blank
	--no-pings
	--password-store=basic
	--disable-infobars
	--disable-breakpad
	--disable-component-update
	--disable-backgrounding-occluded-windows
	--disable-renderer-backgrounding
	--disable-background-networking
	--disable-dev-shm-usage
	--disable-features=IsolateOrigins,DisableLoadExtensionCommandLineSwitch,site-per-process
	--disable-session-crashed-bubble
	--disable-search-engine-choice-screen
	--user-data-dir=C:\Users\elric\Desktop\testScraper\state\session_profiles\s8
	--disable-features=IsolateOrigins,site-per-process
	--disable-session-crashed-bubble
	--proxy-server=127.0.0.1:24007
	--window-size=1024,768
	--disable-extensions
	--disable-default-apps
	--disable-sync
	--no-experiments
	--metrics-recording-only
	--safebrowsing-disable-auto-update
	--disable-client-side-phishing-detection
	--disable-domain-reliability
	--disable-features=IsolateOrigins,site-per-process,OptimizationHints,Translate,MediaRouter,DialMediaRouteProvider,InterestFeedV2,CalculateNativeWinOcclusion,AccountConsistency,SafeBrowsingEnhancedProtectionMessageInInterstitials
	--remote-debugging-host=127.0.0.1
	--remote-debugging-port=58385
	--webrtc-ip-handling-policy=disable_non_proxied_udp
	--force-webrtc-ip-handling-policy
	about:blank
2026-05-21 23:24:16,432 INFO enabling autodiscover targets
2026-05-21 23:24:45,826 INFO [MULTI_SESSION] s8 (31.105.155.55) ready cookies=6 visitor_id=019E251D... (30.4s)
2026-05-21 23:25:29,580 INFO starting
	executable :C:\Program Files\Google\Chrome\Application\chrome.exe

arguments:
--remote-allow-origins=*
	--no-first-run
	--no-service-autorun
	--no-default-browser-check
	--homepage=about:blank
	--no-pings
	--password-store=basic
	--disable-infobars
	--disable-breakpad
	--disable-component-update
	--disable-backgrounding-occluded-windows
	--disable-renderer-backgrounding
	--disable-background-networking
	--disable-dev-shm-usage
	--disable-features=IsolateOrigins,DisableLoadExtensionCommandLineSwitch,site-per-process
	--disable-session-crashed-bubble
	--disable-search-engine-choice-screen
	--user-data-dir=C:\Users\elric\Desktop\testScraper\state\session_profiles\s9
	--disable-features=IsolateOrigins,site-per-process
	--disable-session-crashed-bubble
	--proxy-server=127.0.0.1:24008
	--window-size=1024,768
	--disable-extensions
	--disable-default-apps
	--disable-sync
	--no-experiments
	--metrics-recording-only
	--safebrowsing-disable-auto-update
	--disable-client-side-phishing-detection
	--disable-domain-reliability
	--disable-features=IsolateOrigins,site-per-process,OptimizationHints,Translate,MediaRouter,DialMediaRouteProvider,InterestFeedV2,CalculateNativeWinOcclusion,AccountConsistency,SafeBrowsingEnhancedProtectionMessageInInterstitials
	--remote-debugging-host=127.0.0.1
	--remote-debugging-port=59540
	--webrtc-ip-handling-policy=disable_non_proxied_udp
	--force-webrtc-ip-handling-policy
	about:blank
2026-05-21 23:25:30,611 INFO enabling autodiscover targets
2026-05-21 23:25:39,543 INFO [MULTI_SESSION] s9 (168.158.75.7) ready cookies=11 visitor_id=019E251D... (10.0s)
2026-05-21 23:26:22,669 INFO starting
	executable :C:\Program Files\Google\Chrome\Application\chrome.exe

arguments:
--remote-allow-origins=*
	--no-first-run
	--no-service-autorun
	--no-default-browser-check
	--homepage=about:blank
	--no-pings
	--password-store=basic
	--disable-infobars
	--disable-breakpad
	--disable-component-update
	--disable-backgrounding-occluded-windows
	--disable-renderer-backgrounding
	--disable-background-networking
	--disable-dev-shm-usage
	--disable-features=IsolateOrigins,DisableLoadExtensionCommandLineSwitch,site-per-process
	--disable-session-crashed-bubble
	--disable-search-engine-choice-screen
	--user-data-dir=C:\Users\elric\Desktop\testScraper\state\session_profiles\s10
	--disable-features=IsolateOrigins,site-per-process
	--disable-session-crashed-bubble
	--proxy-server=127.0.0.1:24009
	--window-size=1024,768
	--disable-extensions
	--disable-default-apps
	--disable-sync
	--no-experiments
	--metrics-recording-only
	--safebrowsing-disable-auto-update
	--disable-client-side-phishing-detection
	--disable-domain-reliability
	--disable-features=IsolateOrigins,site-per-process,OptimizationHints,Translate,MediaRouter,DialMediaRouteProvider,InterestFeedV2,CalculateNativeWinOcclusion,AccountConsistency,SafeBrowsingEnhancedProtectionMessageInInterstitials
	--remote-debugging-host=127.0.0.1
	--remote-debugging-port=64331
	--webrtc-ip-handling-policy=disable_non_proxied_udp
	--force-webrtc-ip-handling-policy
	about:blank
2026-05-21 23:26:23,684 INFO enabling autodiscover targets
2026-05-21 23:26:32,672 INFO [MULTI_SESSION] s10 (168.158.53.131) ready cookies=11 visitor_id=019E251D... (10.0s)
2026-05-21 23:27:13,067 INFO starting
	executable :C:\Program Files\Google\Chrome\Application\chrome.exe

arguments:
--remote-allow-origins=*
	--no-first-run
	--no-service-autorun
	--no-default-browser-check
	--homepage=about:blank
	--no-pings
	--password-store=basic
	--disable-infobars
	--disable-breakpad
	--disable-component-update
	--disable-backgrounding-occluded-windows
	--disable-renderer-backgrounding
	--disable-background-networking
	--disable-dev-shm-usage
	--disable-features=IsolateOrigins,DisableLoadExtensionCommandLineSwitch,site-per-process
	--disable-session-crashed-bubble
	--disable-search-engine-choice-screen
	--user-data-dir=C:\Users\elric\Desktop\testScraper\state\session_profiles\s11
	--disable-features=IsolateOrigins,site-per-process
	--disable-session-crashed-bubble
	--proxy-server=127.0.0.1:24010
	--window-size=1024,768
	--disable-extensions
	--disable-default-apps
	--disable-sync
	--no-experiments
	--metrics-recording-only
	--safebrowsing-disable-auto-update
	--disable-client-side-phishing-detection
	--disable-domain-reliability
	--disable-features=IsolateOrigins,site-per-process,OptimizationHints,Translate,MediaRouter,DialMediaRouteProvider,InterestFeedV2,CalculateNativeWinOcclusion,AccountConsistency,SafeBrowsingEnhancedProtectionMessageInInterstitials
	--remote-debugging-host=127.0.0.1
	--remote-debugging-port=58841
	--webrtc-ip-handling-policy=disable_non_proxied_udp
	--force-webrtc-ip-handling-policy
	about:blank
2026-05-21 23:27:14,066 INFO enabling autodiscover targets
2026-05-21 23:27:22,118 ERROR Exception in callback _ProactorBasePipeTransport._call_connection_lost(None)
handle: <Handle _ProactorBasePipeTransport._call_connection_lost(None)>
Traceback (most recent call last):
  File "C:\Users\elric\AppData\Local\Programs\Python\Python312\Lib\asyncio\events.py", line 88, in _run
    self._context.run(self._callback, *self._args)
  File "C:\Users\elric\AppData\Local\Programs\Python\Python312\Lib\asyncio\proactor_events.py", line 165, in _call_connection_lost
    self._sock.shutdown(socket.SHUT_RDWR)
ConnectionResetError: [WinError 10054] An existing connection was forcibly closed by the remote host
2026-05-21 23:27:23,050 INFO [MULTI_SESSION] s11 (109.203.188.232) ready cookies=11 visitor_id=019E251E... (10.0s)
2026-05-21 23:28:05,561 INFO starting
	executable :C:\Program Files\Google\Chrome\Application\chrome.exe

arguments:
--remote-allow-origins=*
	--no-first-run
	--no-service-autorun
	--no-default-browser-check
	--homepage=about:blank
	--no-pings
	--password-store=basic
	--disable-infobars
	--disable-breakpad
	--disable-component-update
	--disable-backgrounding-occluded-windows
	--disable-renderer-backgrounding
	--disable-background-networking
	--disable-dev-shm-usage
	--disable-features=IsolateOrigins,DisableLoadExtensionCommandLineSwitch,site-per-process
	--disable-session-crashed-bubble
	--disable-search-engine-choice-screen
	--user-data-dir=C:\Users\elric\Desktop\testScraper\state\session_profiles\s12
	--disable-features=IsolateOrigins,site-per-process
	--disable-session-crashed-bubble
	--proxy-server=127.0.0.1:24011
	--window-size=1024,768
	--disable-extensions
	--disable-default-apps
	--disable-sync
	--no-experiments
	--metrics-recording-only
	--safebrowsing-disable-auto-update
	--disable-client-side-phishing-detection
	--disable-domain-reliability
	--disable-features=IsolateOrigins,site-per-process,OptimizationHints,Translate,MediaRouter,DialMediaRouteProvider,InterestFeedV2,CalculateNativeWinOcclusion,AccountConsistency,SafeBrowsingEnhancedProtectionMessageInInterstitials
	--remote-debugging-host=127.0.0.1
	--remote-debugging-port=50271
	--webrtc-ip-handling-policy=disable_non_proxied_udp
	--force-webrtc-ip-handling-policy
	about:blank
2026-05-21 23:28:06,564 INFO enabling autodiscover targets
2026-05-21 23:28:15,414 INFO [MULTI_SESSION] s12 (75.153.114.122) ready cookies=11 visitor_id=019E251E... (9.9s)
2026-05-21 23:28:55,973 INFO starting
	executable :C:\Program Files\Google\Chrome\Application\chrome.exe

arguments:
--remote-allow-origins=*
	--no-first-run
	--no-service-autorun
	--no-default-browser-check
	--homepage=about:blank
	--no-pings
	--password-store=basic
	--disable-infobars
	--disable-breakpad
	--disable-component-update
	--disable-backgrounding-occluded-windows
	--disable-renderer-backgrounding
	--disable-background-networking
	--disable-dev-shm-usage
	--disable-features=IsolateOrigins,DisableLoadExtensionCommandLineSwitch,site-per-process
	--disable-session-crashed-bubble
	--disable-search-engine-choice-screen
	--user-data-dir=C:\Users\elric\Desktop\testScraper\state\session_profiles\s13
	--disable-features=IsolateOrigins,site-per-process
	--disable-session-crashed-bubble
	--proxy-server=127.0.0.1:24012
	--window-size=1024,768
	--disable-extensions
	--disable-default-apps
	--disable-sync
	--no-experiments
	--metrics-recording-only
	--safebrowsing-disable-auto-update
	--disable-client-side-phishing-detection
	--disable-domain-reliability
	--disable-features=IsolateOrigins,site-per-process,OptimizationHints,Translate,MediaRouter,DialMediaRouteProvider,InterestFeedV2,CalculateNativeWinOcclusion,AccountConsistency,SafeBrowsingEnhancedProtectionMessageInInterstitials
	--remote-debugging-host=127.0.0.1
	--remote-debugging-port=61969
	--webrtc-ip-handling-policy=disable_non_proxied_udp
	--force-webrtc-ip-handling-policy
	about:blank
2026-05-21 23:28:56,987 INFO enabling autodiscover targets
2026-05-21 23:29:05,875 INFO [MULTI_SESSION] s13 (75.153.66.213) ready cookies=11 visitor_id=019E4DF1... (9.9s)
2026-05-21 23:29:49,258 INFO starting
	executable :C:\Program Files\Google\Chrome\Application\chrome.exe

arguments:
--remote-allow-origins=*
	--no-first-run
	--no-service-autorun
	--no-default-browser-check
	--homepage=about:blank
	--no-pings
	--password-store=basic
	--disable-infobars
	--disable-breakpad
	--disable-component-update
	--disable-backgrounding-occluded-windows
	--disable-renderer-backgrounding
	--disable-background-networking
	--disable-dev-shm-usage
	--disable-features=IsolateOrigins,DisableLoadExtensionCommandLineSwitch,site-per-process
	--disable-session-crashed-bubble
	--disable-search-engine-choice-screen
	--user-data-dir=C:\Users\elric\Desktop\testScraper\state\session_profiles\s14
	--disable-features=IsolateOrigins,site-per-process
	--disable-session-crashed-bubble
	--proxy-server=127.0.0.1:24013
	--window-size=1024,768
	--disable-extensions
	--disable-default-apps
	--disable-sync
	--no-experiments
	--metrics-recording-only
	--safebrowsing-disable-auto-update
	--disable-client-side-phishing-detection
	--disable-domain-reliability
	--disable-features=IsolateOrigins,site-per-process,OptimizationHints,Translate,MediaRouter,DialMediaRouteProvider,InterestFeedV2,CalculateNativeWinOcclusion,AccountConsistency,SafeBrowsingEnhancedProtectionMessageInInterstitials
	--remote-debugging-host=127.0.0.1
	--remote-debugging-port=59757
	--webrtc-ip-handling-policy=disable_non_proxied_udp
	--force-webrtc-ip-handling-policy
	about:blank
2026-05-21 23:29:49,725 ERROR Exception in callback _ProactorBasePipeTransport._call_connection_lost(None)
handle: <Handle _ProactorBasePipeTransport._call_connection_lost(None)>
Traceback (most recent call last):
  File "C:\Users\elric\AppData\Local\Programs\Python\Python312\Lib\asyncio\events.py", line 88, in _run
    self._context.run(self._callback, *self._args)
  File "C:\Users\elric\AppData\Local\Programs\Python\Python312\Lib\asyncio\proactor_events.py", line 165, in _call_connection_lost
    self._sock.shutdown(socket.SHUT_RDWR)
ConnectionResetError: [WinError 10054] An existing connection was forcibly closed by the remote host
2026-05-21 23:29:50,288 INFO enabling autodiscover targets
2026-05-21 23:29:59,064 INFO [MULTI_SESSION] s14 (75.153.120.117) ready cookies=11 visitor_id=019E4DF2... (9.8s)
2026-05-21 23:30:34,223 INFO starting
	executable :C:\Program Files\Google\Chrome\Application\chrome.exe

arguments:
--remote-allow-origins=*
	--no-first-run
	--no-service-autorun
	--no-default-browser-check
	--homepage=about:blank
	--no-pings
	--password-store=basic
	--disable-infobars
	--disable-breakpad
	--disable-component-update
	--disable-backgrounding-occluded-windows
	--disable-renderer-backgrounding
	--disable-background-networking
	--disable-dev-shm-usage
	--disable-features=IsolateOrigins,DisableLoadExtensionCommandLineSwitch,site-per-process
	--disable-session-crashed-bubble
	--disable-search-engine-choice-screen
	--user-data-dir=C:\Users\elric\Desktop\testScraper\state\session_profiles\s15
	--disable-features=IsolateOrigins,site-per-process
	--disable-session-crashed-bubble
	--proxy-server=127.0.0.1:24014
	--window-size=1024,768
	--disable-extensions
	--disable-default-apps
	--disable-sync
	--no-experiments
	--metrics-recording-only
	--safebrowsing-disable-auto-update
	--disable-client-side-phishing-detection
	--disable-domain-reliability
	--disable-features=IsolateOrigins,site-per-process,OptimizationHints,Translate,MediaRouter,DialMediaRouteProvider,InterestFeedV2,CalculateNativeWinOcclusion,AccountConsistency,SafeBrowsingEnhancedProtectionMessageInInterstitials
	--remote-debugging-host=127.0.0.1
	--remote-debugging-port=49874
	--webrtc-ip-handling-policy=disable_non_proxied_udp
	--force-webrtc-ip-handling-policy
	about:blank
2026-05-21 23:30:35,221 INFO enabling autodiscover targets
2026-05-21 23:30:43,968 INFO [MULTI_SESSION] s15 (31.105.183.245) ready cookies=11 visitor_id=019E4DF3... (9.7s)
2026-05-21 23:31:18,637 INFO starting
	executable :C:\Program Files\Google\Chrome\Application\chrome.exe

arguments:
--remote-allow-origins=*
	--no-first-run
	--no-service-autorun
	--no-default-browser-check
	--homepage=about:blank
	--no-pings
	--password-store=basic
	--disable-infobars
	--disable-breakpad
	--disable-component-update
	--disable-backgrounding-occluded-windows
	--disable-renderer-backgrounding
	--disable-background-networking
	--disable-dev-shm-usage
	--disable-features=IsolateOrigins,DisableLoadExtensionCommandLineSwitch,site-per-process
	--disable-session-crashed-bubble
	--disable-search-engine-choice-screen
	--user-data-dir=C:\Users\elric\Desktop\testScraper\state\session_profiles\s16
	--disable-features=IsolateOrigins,site-per-process
	--disable-session-crashed-bubble
	--proxy-server=127.0.0.1:24015
	--window-size=1024,768
	--disable-extensions
	--disable-default-apps
	--disable-sync
	--no-experiments
	--metrics-recording-only
	--safebrowsing-disable-auto-update
	--disable-client-side-phishing-detection
	--disable-domain-reliability
	--disable-features=IsolateOrigins,site-per-process,OptimizationHints,Translate,MediaRouter,DialMediaRouteProvider,InterestFeedV2,CalculateNativeWinOcclusion,AccountConsistency,SafeBrowsingEnhancedProtectionMessageInInterstitials
	--remote-debugging-host=127.0.0.1
	--remote-debugging-port=61647
	--webrtc-ip-handling-policy=disable_non_proxied_udp
	--force-webrtc-ip-handling-policy
	about:blank
2026-05-21 23:31:19,622 INFO enabling autodiscover targets
2026-05-21 23:31:54,813 INFO [MULTI_SESSION] s16 (31.105.153.101) ready cookies=0 visitor_id=... (36.2s)
2026-05-21 23:31:54,817 INFO [MULTI_SESSION] started — 15/16 sessions ready, dispatcher cleared to begin sweeping
2026-05-21 23:31:54,817 INFO [PROXY_STATE] registered new IP 31.105.133.83 port=24000 visitor_id=A45825FD539145F4C25AF8AD7698A393
2026-05-21 23:31:54,821 INFO [PROXY_STATE] registered new IP 31.98.154.172 port=24001 visitor_id=C54CE02DCEA19E293FEB4622BA9340E8
2026-05-21 23:31:54,824 INFO [PROXY_STATE] registered new IP 72.56.171.184 port=24002 visitor_id=BFF29A5C44EF07DF366BA40BC01A5BFC
2026-05-21 23:31:54,827 INFO [PROXY_STATE] registered new IP 31.105.18.86 port=24003 visitor_id=7B365B6D06B74D8E4FC29FFFE6485B42
2026-05-21 23:31:54,830 INFO [PROXY_STATE] registered new IP 31.105.93.225 port=24004 visitor_id=3E1349A9A735A8E574554F75E4BF73FB
2026-05-21 23:31:54,833 INFO [PROXY_STATE] registered new IP 168.158.141.141 port=24005 visitor_id=2FBC6C9F23C368BCCA51DAA6B948C73A
2026-05-21 23:31:54,836 INFO [PROXY_STATE] registered new IP 75.153.74.14 port=24006 visitor_id=1BEAFFDE5B8D3260201880951092F369
2026-05-21 23:31:54,838 INFO [PROXY_STATE] registered new IP 31.105.155.55 port=24007 visitor_id=2651CBF5BF054A067645269BB111C25B
2026-05-21 23:31:54,841 INFO [PROXY_STATE] registered new IP 168.158.75.7 port=24008 visitor_id=454CFCD00D626FE21CB1C67DE7643A22
2026-05-21 23:31:54,845 INFO [PROXY_STATE] registered new IP 168.158.53.131 port=24009 visitor_id=BB0B935BBE563C007547C5E8D3CE97CF
2026-05-21 23:31:54,848 INFO [PROXY_STATE] registered new IP 109.203.188.232 port=24010 visitor_id=5F245949D82B6757371C916E7EBAA9C8
2026-05-21 23:31:54,851 INFO [PROXY_STATE] registered new IP 75.153.114.122 port=24011 visitor_id=F844076DB849173DC0AA6C76BD5304D9
2026-05-21 23:31:54,854 INFO [PROXY_STATE] registered new IP 75.153.66.213 port=24012 visitor_id=33FC335C87BFF7E836F6377A53D30F9E
2026-05-21 23:31:54,857 INFO [PROXY_STATE] registered new IP 75.153.120.117 port=24013 visitor_id=686B2AA153F8BFCB79AE356B652ECA01
2026-05-21 23:31:54,860 INFO [PROXY_STATE] registered new IP 31.105.183.245 port=24014 visitor_id=F860337EA77AF5A7152D278DBFEBD913
2026-05-21 23:31:54,863 INFO [PROXY_STATE] registered new IP 31.105.153.101 port=24015 visitor_id=2898D90FDC2284859FAACD7650EDD2E3
2026-05-21 23:31:54,866 INFO [STOCK] started: sweeps/sec=3.0 behavioral_mix=0.00 tcins=34 proxies=16
[PROXY] Loaded 16 proxies — rate: 1.07 checks/sec
[!] IN_STOCK: tcin=50270379 avail=IN_STOCK title=Extra Sugar-Free Polar Ice Mint Chewing Gum - 35ct
2026-05-21 23:32:16,353 INFO   ?? s8 (31.105.155.55) http=0 err=tab_evaluate_timeout
2026-05-21 23:32:24,871 INFO [STOCK STATS] t=30.0s sweeps=88 (2.93/s) 200=86 403=0 other=1 beh=0 outstanding=1 sessions=16r/0c/0rc pool A=16 P=0 B=0
2026-05-21 23:32:33,908 INFO   ?? s8 (31.105.155.55) http=0 err=tab_evaluate_timeout
2026-05-21 23:32:50,213 INFO   ?? s8 (31.105.155.55) http=0 err=tab_evaluate_timeout
2026-05-21 23:32:54,879 INFO [STOCK STATS] t=60.0s sweeps=178 (2.97/s) 200=174 403=0 other=3 beh=0 outstanding=1 sessions=16r/0c/0rc pool A=16 P=0 B=0
2026-05-21 23:33:05,522 INFO   ?? s8 (31.105.155.55) http=0 err=tab_evaluate_timeout
2026-05-21 23:33:23,057 WARNING [DISPATCHER] s8 flagged crashed after 5 consec errors (timeout)
2026-05-21 23:33:23,060 INFO   ?? s8 (31.105.155.55) http=0 err=tab_evaluate_timeout
2026-05-21 23:33:24,889 INFO [STOCK STATS] t=90.0s sweeps=266 (2.95/s) 200=260 403=0 other=5 beh=0 outstanding=1 sessions=15r/1c/0rc pool A=16 P=0 B=0
2026-05-21 23:33:24,889 INFO [MULTI_SESSION] recycling s8 (was=crashed, crash_count=0)
2026-05-21 23:33:39,631 ERROR Task exception was never retrieved
future: <Task finished name='Task-6575' coro=<Listener.listener_loop() done, defined at C:\Users\elric\Desktop\testScraper\venv\Lib\site-packages\zendriver\core\connection.py:733> exception=InvalidStateError('invalid state')>
Traceback (most recent call last):
  File "C:\Users\elric\Desktop\testScraper\venv\Lib\site-packages\zendriver\core\connection.py", line 123, in __call__
    self.__cdp_obj__.send(response["result"])
StopIteration: (RemoteObject(type_='object', subtype=None, class_name=None, value={'__http_status': 200, '__body': {'errors': [{'message': 'No product found with tcin 94300069', 'locations': [{'line': 42, 'column': 3}], 'extensions': {'classification': 'DataFetchingException'}}], 'data': {'product_summaries': [{'__typename': 'ProductSummary', 'tcin': '50270379', 'desirability_cues': [{'code': 'highly_rated', 'display': 'Highly rated', 'long_description': 'Based on average star rating, number of ratings and reviews (including incentivized), and verified purchases.'}], 'ornaments': [{'ornament': 'highly_rated', 'display': 'Highly rated', 'long_description': 'Based on average star rating, number of ratings and reviews (including incentivized), and verified purchases.', 'ornament_type': 'guest', 'template_type': 'light_marker_with_star'}], 'item': {'relationship_type_code': 'SA', 'product_classification': {'item_type': {'name': 'Chewing Gum and Mints', 'type': '428330'}}, 'product_description': {'title': 'Extra Sugar-Free Polar Ice Mint Chewing Gum - 35ct'}, 'enrichment': {'buy_url': 'https://www.target.com/p/extra-polar-ice-sugarfree-gum-35ct/-/A-50270379'}, 'fulfillment': {}, 'merchandise_classification': {'class_id': 9, 'department_id': 55}, 'eligibility_rules': {}}, 'fulfillment': {'product_id': '50270379', 'is_out_of_stock_in_all_store_locations': False, 'sold_out': False, 'shipping_options': {'availability_status': 'IN_STOCK', 'loyalty_availability_status': 'IN_STOCK', 'services': [{'cutoff': '2026-05-22T23:00:00Z', 'shipping_method_id': 'STANDARD', 'min_delivery_date': '2026-05-23', 'max_delivery_date': '2026-05-23', 'is_two_day_shipping': True, 'is_base_shipping_method': True}]}, 'store_options': [{'search_response_store_type': 'PRIMARY', 'location_available_to_promise_quantity': 10, 'pre_order_location_available_to_promise_quantity': 0, 'location_id': '865', 'store': {'location_name': 'Gurnee'}, 'order_pickup': {'availability_status': 'IN_STOCK', 'pickup_date': '2026-05-22', 'guest_pick_sla': 120, 'location_locale': 'America/Chicago'}, 'in_store_only': {'availability_status': 'IN_STOCK'}}]}}, {'__typename': 'ProductSummary', 'tcin': '1011206804', 'desirability_cues': [{'code': 'social_proofing', 'display': '105k+ bought in last month', 'long_description': 'This item was bought over 105k times this month.'}], 'ornaments': [{'ornament': 'new_at_target', 'display': 'New at', 'ornament_type': 'enterprise', 'template_type': 'text_with_red_bullseye', 'metadata': '{"experiments":[{"factor":"new_at_target","value":"new_at_target_variation_1","default":false}]}'}, {'ornament': 'new_at_target_red_bullseye', 'display': 'New', 'ornament_type': 'enterprise', 'template_type': 'red_bullseye_with_text', 'metadata': '{"experiments":[{"factor":"new_at_target","value":"new_at_target_variation_2","default":false}]}'}, {'ornament': 'social_proofing', 'display': '105k+ bought in last month', 'long_description': 'This item was bought over 105k times this month.', 'ornament_type': 'guest', 'template_type': 'bold_prefix_with_text'}], 'item': {'relationship_type_code': 'SA', 'product_classification': {'item_type': {'name': 'Collectible Trading Cards', 'type': '39980041'}}, 'product_description': {'title': 'Pok&#233;mon Trading Card Game: Scarlet &#38; Violet&#8212;Prismatic Evolutions Elite Trainer Box'}, 'enrichment': {'buy_url': 'https://www.target.com/p/pok-233-mon-trading-card-game-scarlet-38-violet-8212-prismatic-evolutions-elite-trainer-box/-/A-1011206804'}, 'choking_hazard': [{'code': 'choking_hazard_small_parts', 'message': 'WARNING: choking hazard - small parts. Not for children under 3 yrs.'}], 'fulfillment': {}, 'merchandise_classification': {'class_id': 0, 'department_id': 361}}, 'fulfillment': {'product_id': '1011206804', 'is_out_of_stock_in_all_store_locations': True, 'sold_out': False, 'shipping_options': {'availability_status': 'OUT_OF_STOCK', 'loyalty_availability_status': 'OUT_OF_STOCK', 'services': []}, 'store_options': [{'search_response_store_type': 'PRIMARY', 'location_available_to_promise_quantity': 0, 'pre_order_location_available_to_promise_quantity': 0, 'location_id': '865', 'store': {'location_name': 'Gurnee'}, 'order_pickup': {'availability_status': 'UNAVAILABLE'}, 'ship_to_store': {'availability_status': 'UNAVAILABLE'}, 'in_store_only': {'availability_status': 'OUT_OF_STOCK'}}]}}, {'__typename': 'ProductSummary', 'tcin': '95138474', 'desirability_cues': [{'code': 'social_proofing', 'display': '300+ bought in last month', 'long_description': 'This item was bought over 300 times this month.'}], 'ornaments': [{'ornament': 'social_proofing', 'display': '300+ bought in last month', 'long_description': 'This item was bought over 300 times this month.', 'ornament_type': 'guest', 'template_type': 'bold_prefix_with_text'}], 'item': {'relationship_type_code': 'SA', 'product_classification': {'item_type': {'name': 'Collectible Trading Cards', 'type': '39980041'}}, 'product_description': {'title': 'Pok&#233;mon Trading Card Game: Mega Charizard Y Tin'}, 'enrichment': {'buy_url': 'https://www.target.com/p/pok-233-mon-trading-card-game-mega-charizard-y-tin/-/A-95138474'}, 'choking_hazard': [{'code': 'choking_hazard_small_parts', 'message': 'WARNING: choking hazard - small parts. Not for children under 3 yrs.'}], 'fulfillment': {}, 'merchandise_classification': {'class_id': 0, 'department_id': 361}}, 'fulfillment': {'product_id': '95138474', 'is_out_of_stock_in_all_store_locations': True, 'sold_out': False, 'shipping_options': {'availability_status': 'OUT_OF_STOCK', 'loyalty_availability_status': 'OUT_OF_STOCK', 'services': []}, 'store_options': [{'search_response_store_type': 'PRIMARY', 'location_available_to_promise_quantity': 0, 'pre_order_location_available_to_promise_quantity': 0, 'location_id': '865', 'store': {'location_name': 'Gurnee'}, 'order_pickup': {'availability_status': 'UNAVAILABLE'}, 'ship_to_store': {'availability_status': 'UNAVAILABLE'}, 'in_store_only': {'availability_status': 'NOT_SOLD_IN_STORE'}}]}}, {'__typename': 'ProductSummary', 'tcin': '91619960', 'desirability_cues': [{'code': 'highly_rated', 'display': 'Highly rated', 'long_description': 'Based on average star rating, number of ratings and reviews (including incentivized), and verified purchases.'}], 'ornaments': [{'ornament': 'highly_rated', 'display': 'Highly rated', 'long_description': 'Based on average star rating, number of ratings and reviews (including incentivized), and verified purchases.', 'ornament_type': 'guest', 'template_type': 'light_marker_with_star'}], 'item': {'relationship_type_code': 'SA', 'product_classification': {'item_type': {'name': 'Collectible Trading Cards', 'type': '39980041'}}, 'product_description': {'title': 'Pok&#233;mon Trading Card Game: Scarlet &#38; Violet&#8212; Twilight Masquerade Elite Trainer Box'}, 'enrichment': {'buy_url': 'https://www.target.com/p/pok-233-mon-trading-card-game-scarlet-38-violet-8212-twilight-masquerade-elite-trainer-box/-/A-91619960'}, 'choking_hazard': [{'code': 'choking_hazard_small_parts', 'message': 'WARNING: choking hazard - small parts. Not for children under 3 yrs.'}], 'fulfillment': {}, 'merchandise_classification': {'class_id': 12, 'department_id': 87}, 'eligibility_rules': {}}, 'fulfillment': {'product_id': '91619960', 'is_out_of_stock_in_all_store_locations': True, 'sold_out': False, 'shipping_options': {'availability_status': 'OUT_OF_STOCK', 'loyalty_availability_status': 'OUT_OF_STOCK', 'services': []}, 'store_options': [{'search_response_store_type': 'PRIMARY', 'location_available_to_promise_quantity': 0, 'pre_order_location_available_to_promise_quantity': 0, 'location_id': '865', 'store': {'location_name': 'Gurnee'}, 'order_pickup': {'availability_status': 'UNAVAILABLE'}, 'ship_to_store': {'availability_status': 'UNAVAILABLE'}, 'in_store_only': {'availability_status': 'OUT_OF_STOCK'}}]}}, {'__typename': 'ProductSummary', 'tcin': '94681790', 'desirability_cues': [{'code': 'social_proofing', 'display': '2k+ bought in last month', 'long_description': 'This item was bought over 2k times this month.'}], 'ornaments': [{'ornament': 'social_proofing', 'display': '2k+ bought in last month', 'long_description': 'This item was bought over 2k times this month.', 'ornament_type': 'guest', 'template_type': 'bold_prefix_with_text'}], 'item': {'relationship_type_code': 'SA', 'product_classification': {'item_type': {'name': 'Collectible Trading Cards', 'type': '39980041'}}, 'product_description': {'title': 'Pok&#233;mon Trading Card Game : Charizard X ex Ultra-Premium Collection'}, 'enrichment': {'buy_url': 'https://www.target.com/p/pok-233-mon-trading-card-game-charizard-x-ex-ultra-premium-collection/-/A-94681790'}, 'choking_hazard': [{'code': 'choking_hazard_small_parts', 'message': 'WARNING: choking hazard - small parts. Not for children under 3 yrs.'}], 'fulfillment': {}, 'merchandise_classification': {'class_id': 12, 'department_id': 87}, 'eligibility_rules': {}}, 'fulfillment': {'product_id': '94681790', 'is_out_of_stock_in_all_store_locations': True, 'sold_out': False, 'shipping_options': {'availability_status': 'OUT_OF_STOCK', 'loyalty_availability_status': 'OUT_OF_STOCK', 'services': []}, 'store_options': [{'search_response_store_type': 'PRIMARY', 'location_available_to_promise_quantity': 0, 'pre_order_location_available_to_promise_quantity': 0, 'location_id': '865', 'store': {'location_name': 'Gurnee'}, 'order_pickup': {'availability_status': 'UNAVAILABLE'}, 'ship_to_store': {'availability_status': 'UNAVAILABLE'}, 'in_store_only': {'availability_status': 'OUT_OF_STOCK'}}]}}, {'__typename': 'ProductSummary', 'tcin': '94636866', 'desirability_cues': [{'code': 'social_proofing', 'display': '200+ bought in last month', 'long_description': 'This item was bought over 200 times this month.'}], 'ornaments': [{'ornament': 'social_proofing', 'display': '200+ bought in last month', 'long_description': 'This item was bought over 200 times this month.', 'ornament_type': 'guest', 'template_type': 'bold_prefix_with_text'}], 'item': {'relationship_type_code': 'SA', 'product_classification': {'item_type': {'name': 'Collectible Trading Cards', 'type': '39980041'}}, 'product_description': {'title': 'Pok&#233;mon Trading Card Game: Unova Victini Illustration Collection'}, 'enrichment': {'buy_url': 'https://www.target.com/p/pok-233-mon-trading-card-game-unova-victini-illustration-collection/-/A-94636866'}, 'choking_hazard': [{'code': 'choking_hazard_small_parts', 'message': 'WARNING: choking hazard - small parts. Not for children under 3 yrs.'}], 'fulfillment': {}, 'merchandise_classification': {'class_id': 12, 'department_id': 87}, 'eligibility_rules': {}}, 'fulfillment': {'product_id': '94636866', 'is_out_of_stock_in_all_store_locations': True, 'sold_out': False, 'shipping_options': {'availability_status': 'OUT_OF_STOCK', 'loyalty_availability_status': 'OUT_OF_STOCK', 'services': []}, 'store_options': [{'search_response_store_type': 'PRIMARY', 'location_available_to_promise_quantity': 0, 'pre_order_location_available_to_promise_quantity': 0, 'location_id': '865', 'store': {'location_name': 'Gurnee'}, 'order_pickup': {'availability_status': 'UNAVAILABLE'}, 'ship_to_store': {'availability_status': 'UNAVAILABLE'}, 'in_store_only': {'availability_status': 'OUT_OF_STOCK'}}]}}, {'__typename': 'ProductSummary', 'tcin': '95138464', 'desirability_cues': [{'code': 'social_proofing', 'display': '600+ bought in last month', 'long_description': 'This item was bought over 600 times this month.'}], 'ornaments': [{'ornament': 'social_proofing', 'display': '600+ bought in last month', 'long_description': 'This item was bought over 600 times this month.', 'ornament_type': 'guest', 'template_type': 'bold_prefix_with_text'}], 'item': {'relationship_type_code': 'SA', 'product_classification': {'item_type': {'name': 'Collectible Trading Cards', 'type': '39980041'}}, 'product_description': {'title': 'Pok&#233;mon Trading Card Game: Mega Charizard X Tin'}, 'enrichment': {'buy_url': 'https://www.target.com/p/pok-233-mon-trading-card-game-mega-charizard-x-tin/-/A-95138464'}, 'choking_hazard': [{'code': 'choking_hazard_small_parts', 'message': 'WARNING: choking hazard - small parts. Not for children under 3 yrs.'}], 'fulfillment': {}, 'merchandise_classification': {'class_id': 0, 'department_id': 361}}, 'fulfillment': {'product_id': '95138464', 'is_out_of_stock_in_all_store_locations': True, 'sold_out': False, 'shipping_options': {'availability_status': 'OUT_OF_STOCK', 'loyalty_availability_status': 'OUT_OF_STOCK', 'services': []}, 'store_options': [{'search_response_store_type': 'PRIMARY', 'location_available_to_promise_quantity': 0, 'pre_order_location_available_to_promise_quantity': 0, 'location_id': '865', 'store': {'location_name': 'Gurnee'}, 'order_pickup': {'availability_status': 'UNAVAILABLE'}, 'ship_to_store': {'availability_status': 'UNAVAILABLE'}, 'in_store_only': {'availability_status': 'NOT_SOLD_IN_STORE'}}]}}, {'__typename': 'ProductSummary', 'tcin': '1008581387', 'desirability_cues': [{'code': 'social_proofing', 'display': '22k+ bought in last month', 'long_description': 'This item was bought over 22k times this month.'}], 'ornaments': [{'ornament': 'social_proofing', 'display': '22k+ bought in last month', 'long_description': 'This item was bought over 22k times this month.', 'ornament_type': 'guest', 'template_type': 'bold_prefix_with_text'}], 'item': {'relationship_type_code': 'SA', 'product_classification': {'item_type': {'name': 'Collectible Trading Cards', 'type': '39980041'}}, 'product_description': {'title': 'Pok&#233;mon Trading Card Game: Mega Evolution&#8212;Ascended Heroes Mega Emboar ex Box'}, 'enrichment': {'buy_url': 'https://www.target.com/p/pok-233-mon-trading-card-game-mega-evolutionascended-heroes-mega-emboar-ex-box/-/A-1008581387'}, 'choking_hazard': [{'code': 'choking_hazard_small_parts', 'message': 'WARNING: choking hazard - small parts. Not for children under 3 yrs.'}], 'fulfillment': {}, 'merchandise_classification': {'class_id': 0, 'department_id': 361}}, 'fulfillment': {'product_id': '1008581387', 'is_out_of_stock_in_all_store_locations': True, 'sold_out': False, 'shipping_options': {'availability_status': 'OUT_OF_STOCK', 'loyalty_availability_status': 'OUT_OF_STOCK', 'services': []}, 'store_options': [{'search_response_store_type': 'PRIMARY', 'location_available_to_promise_quantity': 0, 'pre_order_location_available_to_promise_quantity': 0, 'location_id': '865', 'store': {'location_name': 'Gurnee'}, 'order_pickup': {'availability_status': 'UNAVAILABLE'}, 'ship_to_store': {'availability_status': 'UNAVAILABLE'}, 'in_store_only': {'availability_status': 'NOT_SOLD_IN_STORE'}}]}}, {'__typename': 'ProductSummary', 'tcin': '95163305', 'desirability_cues': [{'code': 'social_proofing', 'display': '22k+ bought in last month', 'long_description': 'This item was bought over 22k times this month.'}], 'ornaments': [{'ornament': 'social_proofing', 'display': '22k+ bought in last month', 'long_description': 'This item was bought over 22k times this month.', 'ornament_type': 'guest', 'template_type': 'bold_prefix_with_text'}], 'item': {'relationship_type_code': 'SA', 'product_classification': {'item_type': {'name': 'Collectible Trading Cards', 'type': '39980041'}}, 'product_description': {'title': 'Pok&#233;mon Trading Card Game: Mega Evolution&#8212;Ascended Heroes Mega Meganium ex Box'}, 'enrichment': {'buy_url': 'https://www.target.com/p/pok-233-mon-trading-card-game-mega-evolutionascended-heroes-mega-meganium-ex-box/-/A-95163305'}, 'choking_hazard': [{'code': 'choking_hazard_small_parts', 'message': 'WARNING: choking hazard - small parts. Not for children under 3 yrs.'}], 'fulfillment': {}, 'merchandise_classification': {'class_id': 0, 'department_id': 361}}, 'fulfillment': {'product_id': '95163305', 'is_out_of_stock_in_all_store_locations': True, 'sold_out': False, 'shipping_options': {'availability_status': 'OUT_OF_STOCK', 'loyalty_availability_status': 'OUT_OF_STOCK', 'services': []}, 'store_options': [{'search_response_store_type': 'PRIMARY', 'location_available_to_promise_quantity': 0, 'pre_order_location_available_to_promise_quantity': 0, 'location_id': '865', 'store': {'location_name': 'Gurnee'}, 'order_pickup': {'availability_status': 'UNAVAILABLE'}, 'ship_to_store': {'availability_status': 'UNAVAILABLE'}, 'in_store_only': {'availability_status': 'NOT_SOLD_IN_STORE'}}]}}, {'__typename': 'ProductSummary', 'tcin': '95163306', 'desirability_cues': [{'code': 'social_proofing', 'display': '30k+ bought in last month', 'long_description': 'This item was bought over 30k times this month.'}], 'ornaments': [{'ornament': 'social_proofing', 'display': '30k+ bought in last month', 'long_description': 'This item was bought over 30k times this month.', 'ornament_type': 'guest', 'template_type': 'bold_prefix_with_text'}], 'item': {'relationship_type_code': 'SA', 'product_classification': {'item_type': {'name': 'Collectible Trading Cards', 'type': '39980041'}}, 'product_description': {'title': 'Pok&#233;mon Trading Card Game: Mega Evolution&#8212;Ascended Heroes Mega Feraligatr ex Box'}, 'enrichment': {'buy_url': 'https://www.target.com/p/pok-233-mon-trading-card-game-mega-evolutionascended-heroes-mega-feraligatr-ex-box/-/A-95163306'}, 'choking_hazard': [{'code': 'choking_hazard_small_parts', 'message': 'WARNING: choking hazard - small parts. Not for children under 3 yrs.'}], 'fulfillment': {}, 'merchandise_classification': {'class_id': 0, 'department_id': 361}}, 'fulfillment': {'product_id': '95163306', 'is_out_of_stock_in_all_store_locations': True, 'sold_out': False, 'shipping_options': {'availability_status': 'OUT_OF_STOCK', 'loyalty_availability_status': 'OUT_OF_STOCK', 'services': []}, 'store_options': [{'search_response_store_type': 'PRIMARY', 'location_available_to_promise_quantity': 0, 'pre_order_location_available_to_promise_quantity': 0, 'location_id': '865', 'store': {'location_name': 'Gurnee'}, 'order_pickup': {'availability_status': 'UNAVAILABLE'}, 'ship_to_store': {'availability_status': 'UNAVAILABLE'}, 'in_store_only': {'availability_status': 'NOT_SOLD_IN_STORE'}}]}}, {'__typename': 'ProductSummary', 'tcin': '95225595', 'desirability_cues': [{'code': 'bestseller', 'display': 'Bestseller', 'long_description': 'Based on sales and guest views of this item within the last 30 days.'}], 'ornaments': [{'ornament': 'bestseller', 'display': 'Bestseller', 'long_description': 'Based on sales and guest views of this item within the last 30 days.', 'ornament_type': 'guest', 'template_type': 'dark_marker_with_trophy'}], 'item': {'relationship_type_code': 'SA', 'product_classification': {'item_type': {'name': 'Collectible Trading Cards', 'type': '39980041'}}, 'product_description': {'title': 'Pok&#233;mon Trading Card Game: First Partner Illustration Collection Series 1'}, 'enrichment': {'buy_url': 'https://www.target.com/p/pok-233-mon-trading-card-game-first-partner-illustration-collection-series-1/-/A-95225595'}, 'choking_hazard': [{'code': 'choking_hazard_small_parts', 'message': 'WARNING: choking hazard - small parts. Not for children under 3 yrs.'}], 'fulfillment': {}, 'merchandise_classification': {'class_id': 0, 'department_id': 361}}, 'fulfillment': {'product_id': '95225595', 'is_out_of_stock_in_all_store_locations': True, 'sold_out': False, 'shipping_options': {'availability_status': 'OUT_OF_STOCK', 'loyalty_availability_status': 'OUT_OF_STOCK', 'services': []}, 'store_options': [{'search_response_store_type': 'PRIMARY', 'location_available_to_promise_quantity': 0, 'pre_order_location_available_to_promise_quantity': 0, 'location_id': '865', 'store': {'location_name': 'Gurnee'}, 'order_pickup': {'availability_status': 'UNAVAILABLE'}, 'ship_to_store': {'availability_status': 'UNAVAILABLE'}, 'in_store_only': {'availability_status': 'OUT_OF_STOCK'}}]}}, {'__typename': 'ProductSummary', 'tcin': '95120834', 'desirability_cues': [{'code': 'bestseller', 'display': 'Bestseller', 'long_description': 'Based on sales and guest views of this item within the last 30 days.'}], 'ornaments': [{'ornament': 'bestseller', 'display': 'Bestseller', 'long_description': 'Based on sales and guest views of this item within the last 30 days.', 'ornament_type': 'guest', 'template_type': 'dark_marker_with_trophy'}], 'item': {'relationship_type_code': 'SA', 'product_classification': {'item_type': {'name': 'Collectible Trading Cards', 'type': '39980041'}}, 'product_description': {'title': 'Pok&#233;mon Trading Card Game: Mega Evolution Ascended Heroes Booster Bundle'}, 'enrichment': {'buy_url': 'https://www.target.com/p/pok-233-mon-trading-card-game-mega-evolution-ascended-heroes-booster-bundle/-/A-95120834'}, 'choking_hazard': [{'code': 'choking_hazard_small_parts', 'message': 'WARNING: choking hazard - small parts. Not for children under 3 yrs.'}], 'fulfillment': {}, 'merchandise_classification': {'class_id': 0, 'department_id': 361}}, 'fulfillment': {'product_id': '95120834', 'is_out_of_stock_in_all_store_locations': True, 'sold_out': False, 'shipping_options': {'availability_status': 'OUT_OF_STOCK', 'loyalty_availability_status': 'OUT_OF_STOCK', 'services': []}, 'store_options': [{'search_response_store_type': 'PRIMARY', 'location_available_to_promise_quantity': 0, 'pre_order_location_available_to_promise_quantity': 0, 'location_id': '865', 'store': {'location_name': 'Gurnee'}, 'order_pickup': {'availability_status': 'UNAVAILABLE'}, 'ship_to_store': {'availability_status': 'UNAVAILABLE'}, 'in_store_only': {'availability_status': 'OUT_OF_STOCK'}}]}}, {'__typename': 'ProductSummary', 'tcin': '95082118', 'desirability_cues': [{'code': 'social_proofing', 'display': '52k+ bought in last month', 'long_description': 'This item was bought over 52k times this month.'}], 'ornaments': [{'ornament': 'social_proofing', 'display': '52k+ bought in last month', 'long_description': 'This item was bought over 52k times this month.', 'ornament_type': 'guest', 'template_type': 'bold_prefix_with_text'}], 'item': {'relationship_type_code': 'SA', 'product_classification': {'item_type': {'name': 'Collectible Trading Cards', 'type': '39980041'}}, 'product_description': {'title': 'Pok&#233;mon Trading Card Game: Mega Evolution&#8212; Ascended Heroes Elite Trainer Box'}, 'enrichment': {'buy_url': 'https://www.target.com/p/2025-pok-me-2-5-elite-trainer-box/-/A-95082118'}, 'choking_hazard': [{'code': 'choking_hazard_small_parts', 'message': 'WARNING: choking hazard - small parts. Not for children under 3 yrs.'}], 'fulfillment': {}, 'merchandise_classification': {'class_id': 0, 'department_id': 361}}, 'fulfillment': {'product_id': '95082118', 'is_out_of_stock_in_all_store_locations': True, 'sold_out': False, 'shipping_options': {'availability_status': 'OUT_OF_STOCK', 'loyalty_availability_status': 'OUT_OF_STOCK', 'services': []}, 'store_options': [{'search_response_store_type': 'PRIMARY', 'location_available_to_promise_quantity': 0, 'pre_order_location_available_to_promise_quantity': 0, 'location_id': '865', 'store': {'location_name': 'Gurnee'}, 'order_pickup': {'availability_status': 'UNAVAILABLE'}, 'ship_to_store': {'availability_status': 'UNAVAILABLE'}, 'in_store_only': {'availability_status': 'OUT_OF_STOCK'}}]}}, {'__typename': 'ProductSummary', 'tcin': '95093982', 'desirability_cues': [{'code': 'social_proofing', 'display': '25k+ bought in last month', 'long_description': 'This item was bought over 25k times this month.'}], 'ornaments': [{'ornament': 'social_proofing', 'display': '25k+ bought in last month', 'long_description': 'This item was bought over 25k times this month.', 'ornament_type': 'guest', 'template_type': 'bold_prefix_with_text'}], 'item': {'relationship_type_code': 'SA', 'product_classification': {'item_type': {'name': 'Collectible Trading Cards', 'type': '39980041'}}, 'product_description': {'title': 'Pok&#233;mon Trading Card Game: Mega Evolution Ascended Heroes Premium Poster Collection Mega Gardevoir'}, 'enrichment': {'buy_url': 'https://www.target.com/p/pok-233-mon-trading-card-game-mega-evolution-ascended-heroes-premium-poster-collection-mega-gardevoir/-/A-95093982'}, 'choking_hazard': [{'code': 'choking_hazard_small_parts', 'message': 'WARNING: choking hazard - small parts. Not for children under 3 yrs.'}], 'fulfillment': {}, 'merchandise_classification': {'class_id': 0, 'department_id': 361}}, 'fulfillment': {'product_id': '95093982', 'is_out_of_stock_in_all_store_locations': True, 'sold_out': False, 'shipping_options': {'availability_status': 'OUT_OF_STOCK', 'loyalty_availability_status': 'OUT_OF_STOCK', 'services': []}, 'store_options': [{'search_response_store_type': 'PRIMARY', 'location_available_to_promise_quantity': 0, 'pre_order_location_available_to_promise_quantity': 0, 'location_id': '865', 'store': {'location_name': 'Gurnee'}, 'order_pickup': {'availability_status': 'UNAVAILABLE'}, 'ship_to_store': {'availability_status': 'UNAVAILABLE'}, 'in_store_only': {'availability_status': 'NOT_SOLD_IN_STORE'}}]}}, {'__typename': 'ProductSummary', 'tcin': '95093981', 'desirability_cues': [{'code': 'social_proofing', 'display': '25k+ bought in last month', 'long_description': 'This item was bought over 25k times this month.'}], 'ornaments': [{'ornament': 'social_proofing', 'display': '25k+ bought in last month', 'long_description': 'This item was bought over 25k times this month.', 'ornament_type': 'guest', 'template_type': 'bold_prefix_with_text'}], 'item': {'relationship_type_code': 'SA', 'product_classification': {'item_type': {'name': 'Collectible Trading Cards', 'type': '39980041'}}, 'product_description': {'title': 'Pok&#233;mon Trading Card Game: Mega Evolution Ascended Heroes Premium Poster Collection Mega Lucario'}, 'enrichment': {'buy_url': 'https://www.target.com/p/pok-233-mon-trading-card-game-mega-evolution-ascended-heroes-premium-poster-collection-mega-lucario/-/A-95093981'}, 'choking_hazard': [{'code': 'choking_hazard_small_parts', 'message': 'WARNING: choking hazard - small parts. Not for children under 3 yrs.'}], 'fulfillment': {}, 'merchandise_classification': {'class_id': 0, 'department_id': 361}}, 'fulfillment': {'product_id': '95093981', 'is_out_of_stock_in_all_store_locations': True, 'sold_out': False, 'shipping_options': {'availability_status': 'OUT_OF_STOCK', 'loyalty_availability_status': 'OUT_OF_STOCK', 'services': []}, 'store_options': [{'search_response_store_type': 'PRIMARY', 'location_available_to_promise_quantity': 0, 'pre_order_location_available_to_promise_quantity': 0, 'location_id': '865', 'store': {'location_name': 'Gurnee'}, 'order_pickup': {'availability_status': 'UNAVAILABLE'}, 'ship_to_store': {'availability_status': 'UNAVAILABLE'}, 'in_store_only': {'availability_status': 'NOT_SOLD_IN_STORE'}}]}}, {'__typename': 'ProductSummary', 'tcin': '95093989', 'desirability_cues': [{'code': 'highly_rated', 'display': 'Highly rated', 'long_description': 'Based on average star rating, number of ratings and reviews (including incentivized), and verified purchases.'}], 'ornaments': [{'ornament': 'highly_rated', 'display': 'Highly rated', 'long_description': 'Based on average star rating, number of ratings and reviews (including incentivized), and verified purchases.', 'ornament_type': 'guest', 'template_type': 'light_marker_with_star'}], 'item': {'relationship_type_code': 'SA', 'product_classification': {'item_type': {'name': 'Collectible Trading Cards', 'type': '39980041'}}, 'product_description': {'title': 'Pok&#233;mon Trading Card Game: Mega Evolution Ascended Heroes First Partners Deluxe Pin Collection'}, 'enrichment': {'buy_url': 'https://www.target.com/p/pok-233-mon-trading-card-game-mega-evolution-ascended-heroes-first-partners-deluxe-pin-collection/-/A-95093989'}, 'choking_hazard': [{'code': 'choking_hazard_small_parts', 'message': 'WARNING: choking hazard - small parts. Not for children under 3 yrs.'}], 'fulfillment': {}, 'merchandise_classification': {'class_id': 0, 'department_id': 361}}, 'fulfillment': {'product_id': '95093989', 'is_out_of_stock_in_all_store_locations': True, 'sold_out': False, 'shipping_options': {'availability_status': 'OUT_OF_STOCK', 'loyalty_availability_status': 'OUT_OF_STOCK', 'services': []}, 'store_options': [{'search_response_store_type': 'PRIMARY', 'location_available_to_promise_quantity': 0, 'pre_order_location_available_to_promise_quantity': 0, 'location_id': '865', 'store': {'location_name': 'Gurnee'}, 'order_pickup': {'availability_status': 'UNAVAILABLE'}, 'ship_to_store': {'availability_status': 'UNAVAILABLE'}, 'in_store_only': {'availability_status': 'OUT_OF_STOCK'}}]}}]}}, '__body_text': '{"errors":[{"message":"No product found with tcin 94300069","locations":[{"line":42,"column":3}],"extensions":{"classification":"DataFetchingException"}}],"data":{"product_summaries":[{"__typename":"ProductSummary","tcin":"50270379","desirability_cues":[{"code":"highly_rated","display":"Highly rated","long_description":"Based on average star rating, number of ratings and reviews (including incentivized), and verified purchases."}],"ornaments":[{"ornament":"highly_rated","display":"Highly rated","long_description":"Based on average star rating, number of ratings and reviews (including incentivized), and verified purchases.","ornament_type":"guest","template_type":"light_marker_with_star"}],"item":{"relationship_type_code":"SA","product_classification":{"item_type":{"name":"Chewing Gum and M'}, unserializable_value=None, description=None, deep_serialized_value=None, object_id=None, preview=None, custom_preview=None), None)

During handling of the above exception, another exception occurred:

Traceback (most recent call last):
  File "C:\Users\elric\Desktop\testScraper\venv\Lib\site-packages\zendriver\core\connection.py", line 780, in listener_loop
    tx(**message)
  File "C:\Users\elric\Desktop\testScraper\venv\Lib\site-packages\zendriver\core\connection.py", line 126, in __call__
    return self.set_result(e.value)
           ^^^^^^^^^^^^^^^^^^^^^^^^
asyncio.exceptions.InvalidStateError: invalid state
2026-05-21 23:33:39,639 ERROR Task exception was never retrieved
future: <Task finished name='Task-6644' coro=<Listener.listener_loop() done, defined at C:\Users\elric\Desktop\testScraper\venv\Lib\site-packages\zendriver\core\connection.py:733> exception=InvalidStateError('invalid state')>
Traceback (most recent call last):
  File "C:\Users\elric\Desktop\testScraper\venv\Lib\site-packages\zendriver\core\connection.py", line 123, in __call__
    self.__cdp_obj__.send(response["result"])
StopIteration: (RemoteObject(type_='object', subtype=None, class_name=None, value={'__http_status': 200, '__body': {'data': {'product_summaries': [{'__typename': 'ProductSummary', 'tcin': '94681776', 'item': {'relationship_type_code': 'SA', 'product_classification': {'item_type': {'name': 'Collectible Trading Cards', 'type': '39980041'}}, 'product_description': {'title': 'Pok&#233;mon Trading Card Game: Mega Evolution Elite Trainer Box- Lucario'}, 'enrichment': {'buy_url': 'https://www.target.com/p/pok-233-mon-trading-card-game-mega-evolution-elite-trainer-box-lucario/-/A-94681776'}, 'choking_hazard': [{'code': 'choking_hazard_small_parts', 'message': 'WARNING: choking hazard - small parts. Not for children under 3 yrs.'}], 'fulfillment': {}, 'merchandise_classification': {'class_id': 12, 'department_id': 87}, 'eligibility_rules': {}}, 'fulfillment': {'product_id': '94681776', 'is_out_of_stock_in_all_store_locations': True, 'sold_out': False, 'shipping_options': {'availability_status': 'OUT_OF_STOCK', 'loyalty_availability_status': 'OUT_OF_STOCK', 'services': []}, 'store_options': [{'search_response_store_type': 'PRIMARY', 'location_available_to_promise_quantity': 0, 'pre_order_location_available_to_promise_quantity': 0, 'location_id': '865', 'store': {'location_name': 'Gurnee'}, 'order_pickup': {'availability_status': 'UNAVAILABLE'}, 'ship_to_store': {'availability_status': 'UNAVAILABLE'}, 'in_store_only': {'availability_status': 'NOT_SOLD_IN_STORE'}}]}}, {'__typename': 'ProductSummary', 'tcin': '93954446', 'desirability_cues': [{'code': 'social_proofing', 'display': '1k+ bought in last month', 'long_description': 'This item was bought over 1k times this month.'}], 'ornaments': [{'ornament': 'social_proofing', 'display': '1k+ bought in last month', 'long_description': 'This item was bought over 1k times this month.', 'ornament_type': 'guest', 'template_type': 'bold_prefix_with_text'}], 'item': {'relationship_type_code': 'SA', 'product_classification': {'item_type': {'name': 'Collectible Trading Cards', 'type': '39980041'}}, 'product_description': {'title': 'Pok&#233;mon Trading Card Game: Scarlet &#38; Violet&#8212;Prismatic Evolutions Booster Bundle'}, 'enrichment': {'buy_url': 'https://www.target.com/p/pok-233-mon-trading-card-game-scarlet-38-violet-prismatic-evolutions-booster-bundle/-/A-93954446'}, 'choking_hazard': [{'code': 'choking_hazard_small_parts', 'message': 'WARNING: choking hazard - small parts. Not for children under 3 yrs.'}], 'fulfillment': {}, 'merchandise_classification': {'class_id': 12, 'department_id': 87}, 'eligibility_rules': {}}, 'fulfillment': {'product_id': '93954446', 'is_out_of_stock_in_all_store_locations': True, 'sold_out': False, 'shipping_options': {'availability_status': 'OUT_OF_STOCK', 'loyalty_availability_status': 'OUT_OF_STOCK', 'services': []}, 'store_options': [{'search_response_store_type': 'PRIMARY', 'location_available_to_promise_quantity': 0, 'pre_order_location_available_to_promise_quantity': 0, 'location_id': '865', 'store': {'location_name': 'Gurnee'}, 'order_pickup': {'availability_status': 'UNAVAILABLE'}, 'ship_to_store': {'availability_status': 'UNAVAILABLE'}, 'in_store_only': {'availability_status': 'OUT_OF_STOCK'}}]}}, {'__typename': 'ProductSummary', 'tcin': '91619929', 'item': {'relationship_type_code': 'SA', 'product_classification': {'item_type': {'name': 'Collectible Trading Cards', 'type': '39980041'}}, 'product_description': {'title': 'Pok&#233;mon Trading Card Game: Scarlet &#38; Violet - Surging Sparks Booster Bundle'}, 'enrichment': {'buy_url': 'https://www.target.com/p/pokemon-trading-card-game-scarlet-38-violet-surging-sparks-booster-bundle/-/A-91619929'}, 'choking_hazard': [{'code': 'choking_hazard_small_parts', 'message': 'WARNING: choking hazard - small parts. Not for children under 3 yrs.'}], 'fulfillment': {}, 'merchandise_classification': {'class_id': 12, 'department_id': 87}, 'eligibility_rules': {}}, 'fulfillment': {'product_id': '91619929', 'is_out_of_stock_in_all_store_locations': True, 'sold_out': False, 'shipping_options': {'availability_status': 'OUT_OF_STOCK', 'loyalty_availability_status': 'OUT_OF_STOCK', 'services': []}, 'store_options': [{'search_response_store_type': 'PRIMARY', 'location_available_to_promise_quantity': 0, 'pre_order_location_available_to_promise_quantity': 0, 'location_id': '865', 'store': {'location_name': 'Gurnee'}, 'order_pickup': {'availability_status': 'UNAVAILABLE'}, 'ship_to_store': {'availability_status': 'UNAVAILABLE'}, 'in_store_only': {'availability_status': 'OUT_OF_STOCK'}}]}}, {'__typename': 'ProductSummary', 'tcin': '91619922', 'item': {'relationship_type_code': 'SA', 'product_classification': {'item_type': {'name': 'Collectible Trading Cards', 'type': '39980041'}}, 'product_description': {'title': 'Pok&#233;mon Trading Card Game: Scarlet &#38; Violet - Surging Sparks Elite Trainer Box'}, 'enrichment': {'buy_url': 'https://www.target.com/p/pokemon-trading-card-game-scarlet-38-violet-surging-sparks-elite-trainer-box/-/A-91619922'}, 'choking_hazard': [{'code': 'choking_hazard_small_parts', 'message': 'WARNING: choking hazard - small parts. Not for children under 3 yrs.'}], 'fulfillment': {}, 'merchandise_classification': {'class_id': 12, 'department_id': 87}, 'eligibility_rules': {}}, 'fulfillment': {'product_id': '91619922', 'is_out_of_stock_in_all_store_locations': True, 'sold_out': False, 'shipping_options': {'availability_status': 'OUT_OF_STOCK', 'loyalty_availability_status': 'OUT_OF_STOCK', 'services': []}, 'store_options': [{'search_response_store_type': 'PRIMARY', 'location_available_to_promise_quantity': 0, 'pre_order_location_available_to_promise_quantity': 0, 'location_id': '865', 'store': {'location_name': 'Gurnee'}, 'order_pickup': {'availability_status': 'UNAVAILABLE'}, 'ship_to_store': {'availability_status': 'UNAVAILABLE'}, 'in_store_only': {'availability_status': 'OUT_OF_STOCK'}}]}}, {'__typename': 'ProductSummary', 'tcin': '94681784', 'item': {'relationship_type_code': 'SA', 'product_classification': {'item_type': {'name': 'Collectible Trading Cards', 'type': '39980041'}}, 'product_description': {'title': 'Pok&#233;mon Trading Card Game: Mega Evolution Elite Trainer Box- Gardevoir'}, 'enrichment': {'buy_url': 'https://www.target.com/p/pok-233-mon-trading-card-game-mega-evolution-elite-trainer-box-gardevoir/-/A-94681784'}, 'choking_hazard': [{'code': 'choking_hazard_small_parts', 'message': 'WARNING: choking hazard - small parts. Not for children under 3 yrs.'}], 'fulfillment': {}, 'merchandise_classification': {'class_id': 12, 'department_id': 87}, 'eligibility_rules': {}}, 'fulfillment': {'product_id': '94681784', 'is_out_of_stock_in_all_store_locations': True, 'sold_out': False, 'shipping_options': {'availability_status': 'OUT_OF_STOCK', 'loyalty_availability_status': 'OUT_OF_STOCK', 'services': []}, 'store_options': [{'search_response_store_type': 'PRIMARY', 'location_available_to_promise_quantity': 0, 'pre_order_location_available_to_promise_quantity': 0, 'location_id': '865', 'store': {'location_name': 'Gurnee'}, 'order_pickup': {'availability_status': 'UNAVAILABLE'}, 'ship_to_store': {'availability_status': 'UNAVAILABLE'}, 'in_store_only': {'availability_status': 'NOT_SOLD_IN_STORE'}}]}}, {'__typename': 'ProductSummary', 'tcin': '94860231', 'item': {'relationship_type_code': 'SA', 'product_classification': {'item_type': {'name': 'Collectible Trading Cards', 'type': '39980041'}}, 'product_description': {'title': 'Pok&#233;mon Trading Card Game: Mega Evolution&#8212; Phantasmal Flames Elite Trainer Box'}, 'enrichment': {'buy_url': 'https://www.target.com/p/pok-233-mon-trading-card-game-mega-evolution-8212-phantasmal-flames-elite-trainer-box/-/A-94860231'}, 'choking_hazard': [{'code': 'choking_hazard_small_parts', 'message': 'WARNING: choking hazard - small parts. Not for children under 3 yrs.'}], 'fulfillment': {}, 'merchandise_classification': {'class_id': 12, 'department_id': 87}, 'eligibility_rules': {}}, 'fulfillment': {'product_id': '94860231', 'is_out_of_stock_in_all_store_locations': True, 'sold_out': False, 'shipping_options': {'availability_status': 'OUT_OF_STOCK', 'loyalty_availability_status': 'OUT_OF_STOCK', 'services': []}, 'store_options': [{'search_response_store_type': 'PRIMARY', 'location_available_to_promise_quantity': 0, 'pre_order_location_available_to_promise_quantity': 0, 'location_id': '865', 'store': {'location_name': 'Gurnee'}, 'order_pickup': {'availability_status': 'UNAVAILABLE'}, 'ship_to_store': {'availability_status': 'UNAVAILABLE'}, 'in_store_only': {'availability_status': 'OUT_OF_STOCK'}}]}}, {'__typename': 'ProductSummary', 'tcin': '94884496', 'item': {'relationship_type_code': 'SA', 'product_classification': {'item_type': {'name': 'Collectible Trading Cards', 'type': '39980041'}}, 'product_description': {'title': 'Pok&#233;mon Trading Card Game: Mega Evolution&#8212; Phantasmal Flames Booster Bundle'}, 'enrichment': {'buy_url': 'https://www.target.com/p/pok-233-mon-trading-card-game-mega-evolution-8212-phantasmal-flames-booster-bundle/-/A-94884496'}, 'choking_hazard': [{'code': 'choking_hazard_small_parts', 'message': 'WARNING: choking hazard - small parts. Not for children under 3 yrs.'}], 'fulfillment': {}, 'merchandise_classification': {'class_id': 12, 'department_id': 87}, 'eligibility_rules': {}}, 'fulfillment': {'product_id': '94884496', 'is_out_of_stock_in_all_store_locations': True, 'sold_out': False, 'shipping_options': {'availability_status': 'OUT_OF_STOCK', 'loyalty_availability_status': 'OUT_OF_STOCK', 'services': []}, 'store_options': [{'search_response_store_type': 'PRIMARY', 'location_available_to_promise_quantity': 0, 'pre_order_location_available_to_promise_quantity': 0, 'location_id': '865', 'store': {'location_name': 'Gurnee'}, 'order_pickup': {'availability_status': 'UNAVAILABLE'}, 'ship_to_store': {'availability_status': 'UNAVAILABLE'}, 'in_store_only': {'availability_status': 'OUT_OF_STOCK'}}]}}, {'__typename': 'ProductSummary', 'tcin': '94300067', 'item': {'relationship_type_code': 'SA', 'product_classification': {'item_type': {'name': 'Collectible Trading Cards', 'type': '39980041'}}, 'product_description': {'title': 'Pok&#233;mon Trading Card Game: Scarlet &#38; Violet&#8212; Destined Rivals Booster Bundle'}, 'enrichment': {'buy_url': 'https://www.target.com/p/pok-233-mon-trading-card-game-scarlet-38-violet-8212-destined-rivals-booster-bundle/-/A-94300067'}, 'choking_hazard': [{'code': 'choking_hazard_small_parts', 'message': 'WARNING: choking hazard - small parts. Not for children under 3 yrs.'}], 'fulfillment': {}, 'merchandise_classification': {'class_id': 12, 'department_id': 87}, 'eligibility_rules': {}}, 'fulfillment': {'product_id': '94300067', 'is_out_of_stock_in_all_store_locations': True, 'sold_out': False, 'shipping_options': {'availability_status': 'OUT_OF_STOCK', 'loyalty_availability_status': 'OUT_OF_STOCK', 'services': []}, 'store_options': [{'search_response_store_type': 'PRIMARY', 'location_available_to_promise_quantity': 0, 'pre_order_location_available_to_promise_quantity': 0, 'location_id': '865', 'store': {'location_name': 'Gurnee'}, 'order_pickup': {'availability_status': 'UNAVAILABLE'}, 'ship_to_store': {'availability_status': 'UNAVAILABLE'}, 'in_store_only': {'availability_status': 'OUT_OF_STOCK'}}]}}, {'__typename': 'ProductSummary', 'tcin': '95298172', 'desirability_cues': [{'code': 'social_proofing', 'display': '27k+ bought in last month', 'long_description': 'This item was bought over 27k times this month.'}], 'ornaments': [{'ornament': 'new_at_target', 'display': 'New at', 'ornament_type': 'enterprise', 'template_type': 'text_with_red_bullseye', 'metadata': '{"experiments":[{"factor":"new_at_target","value":"new_at_target_variation_1","default":false}]}'}, {'ornament': 'new_at_target_red_bullseye', 'display': 'New', 'ornament_type': 'enterprise', 'template_type': 'red_bullseye_with_text', 'metadata': '{"experiments":[{"factor":"new_at_target","value":"new_at_target_variation_2","default":false}]}'}, {'ornament': 'social_proofing', 'display': '27k+ bought in last month', 'long_description': 'This item was bought over 27k times this month.', 'ornament_type': 'guest', 'template_type': 'bold_prefix_with_text'}], 'item': {'relationship_type_code': 'SA', 'product_classification': {'item_type': {'name': 'Collectible Trading Cards', 'type': '39980041'}}, 'product_description': {'title': 'Pok&#233;mon Trading Card Game: Mega Evolution Chaos Rising Booster Bundle'}, 'enrichment': {'buy_url': 'https://www.target.com/p/pok-233-mon-trading-card-game-mega-evolution-chaos-rising-booster-bundle/-/A-95298172'}, 'choking_hazard': [{'code': 'choking_hazard_small_parts', 'message': 'WARNING: choking hazard - small parts. Not for children under 3 yrs.'}], 'fulfillment': {}, 'merchandise_classification': {'class_id': 0, 'department_id': 361}}, 'fulfillment': {'product_id': '95298172', 'is_out_of_stock_in_all_store_locations': True, 'sold_out': False, 'shipping_options': {'availability_status': 'OUT_OF_STOCK', 'loyalty_availability_status': 'OUT_OF_STOCK', 'services': []}, 'store_options': [{'search_response_store_type': 'PRIMARY', 'location_available_to_promise_quantity': 0, 'pre_order_location_available_to_promise_quantity': 0, 'location_id': '865', 'store': {'location_name': 'Gurnee'}, 'order_pickup': {'availability_status': 'UNAVAILABLE'}, 'ship_to_store': {'availability_status': 'UNAVAILABLE'}, 'in_store_only': {'availability_status': 'OUT_OF_STOCK'}}]}}, {'__typename': 'ProductSummary', 'tcin': '1010679865', 'desirability_cues': [{'code': 'social_proofing', 'display': '4k+ bought in last month', 'long_description': 'This item was bought over 4k times this month.'}], 'ornaments': [{'ornament': 'new_at_target', 'display': 'New at', 'ornament_type': 'enterprise', 'template_type': 'text_with_red_bullseye', 'metadata': '{"experiments":[{"factor":"new_at_target","value":"new_at_target_variation_1","default":false}]}'}, {'ornament': 'new_at_target_red_bullseye', 'display': 'New', 'ornament_type': 'enterprise', 'template_type': 'red_bullseye_with_text', 'metadata': '{"experiments":[{"factor":"new_at_target","value":"new_at_target_variation_2","default":false}]}'}, {'ornament': 'social_proofing', 'display': '4k+ bought in last month', 'long_description': 'This item was bought over 4k times this month.', 'ornament_type': 'guest', 'template_type': 'bold_prefix_with_text'}], 'item': {'relationship_type_code': 'SA', 'product_classification': {'item_type': {'name': 'Collectible Trading Cards', 'type': '39980041'}}, 'product_description': {'title': 'Pok&#233;mon Trading Card Game: Mega Evolution Chaos Rising Booster Display'}, 'enrichment': {'buy_url': 'https://www.target.com/p/pok-233-mon-trading-card-game-mega-evolution-chaos-rising-booster-display/-/A-1010679865'}, 'choking_hazard': [{'code': 'choking_hazard_small_parts', 'message': 'WARNING: choking hazard - small parts. Not for children under 3 yrs.'}], 'fulfillment': {}, 'merchandise_classification': {'class_id': 0, 'department_id': 361}}, 'fulfillment': {'product_id': '1010679865', 'is_out_of_stock_in_all_store_locations': True, 'sold_out': False, 'shipping_options': {'availability_status': 'OUT_OF_STOCK', 'loyalty_availability_status': 'OUT_OF_STOCK', 'services': []}, 'store_options': [{'search_response_store_type': 'PRIMARY', 'location_available_to_promise_quantity': 0, 'pre_order_location_available_to_promise_quantity': 0, 'location_id': '865', 'store': {'location_name': 'Gurnee'}, 'order_pickup': {'availability_status': 'UNAVAILABLE'}, 'ship_to_store': {'availability_status': 'UNAVAILABLE'}, 'in_store_only': {'availability_status': 'NOT_SOLD_IN_STORE'}}]}}, {'__typename': 'ProductSummary', 'tcin': '95267143', 'desirability_cues': [{'code': 'social_proofing', 'display': '38k+ bought in last month', 'long_description': 'This item was bought over 38k times this month.'}], 'ornaments': [{'ornament': 'new_at_target', 'display': 'New at', 'ornament_type': 'enterprise', 'template_type': 'text_with_red_bullseye', 'metadata': '{"experiments":[{"factor":"new_at_target","value":"new_at_target_variation_1","default":false}]}'}, {'ornament': 'new_at_target_red_bullseye', 'display': 'New', 'ornament_type': 'enterprise', 'template_type': 'red_bullseye_with_text', 'metadata': '{"experiments":[{"factor":"new_at_target","value":"new_at_target_variation_2","default":false}]}'}, {'ornament': 'social_proofing', 'display': '38k+ bought in last month', 'long_description': 'This item was bought over 38k times this month.', 'ornament_type': 'guest', 'template_type': 'bold_prefix_with_text'}], 'item': {'relationship_type_code': 'SA', 'product_classification': {'item_type': {'name': 'Collectible Trading Cards', 'type': '39980041'}}, 'product_description': {'title': 'Pok&#233;mon Trading Card Game: Mega Evolution Chaos Rising Elite Trainer Box'}, 'enrichment': {'buy_url': 'https://www.target.com/p/pok-233-mon-trading-card-game-mega-evolution-chaos-rising-elite-trainer-box/-/A-95267143'}, 'choking_hazard': [{'code': 'choking_hazard_small_parts', 'message': 'WARNING: choking hazard - small parts. Not for children under 3 yrs.'}], 'fulfillment': {}, 'merchandise_classification': {'class_id': 0, 'department_id': 361}}, 'fulfillment': {'product_id': '95267143', 'is_out_of_stock_in_all_store_locations': True, 'sold_out': False, 'shipping_options': {'availability_status': 'OUT_OF_STOCK', 'loyalty_availability_status': 'OUT_OF_STOCK', 'services': []}, 'store_options': [{'search_response_store_type': 'PRIMARY', 'location_available_to_promise_quantity': 0, 'pre_order_location_available_to_promise_quantity': 0, 'location_id': '865', 'store': {'location_name': 'Gurnee'}, 'order_pickup': {'availability_status': 'UNAVAILABLE'}, 'ship_to_store': {'availability_status': 'UNAVAILABLE'}, 'in_store_only': {'availability_status': 'OUT_OF_STOCK'}}]}}, {'__typename': 'ProductSummary', 'tcin': '94886127', 'item': {'relationship_type_code': 'SA', 'product_classification': {'item_type': {'name': 'Collectible Trading Cards', 'type': '39980041'}}, 'product_description': {'title': 'Pok&#233;mon Trading Card Game: Mega Evolution Booster Display'}, 'enrichment': {'buy_url': 'https://www.target.com/p/pok-233-mon-trading-card-game-mega-evolution-booster-display/-/A-94886127'}, 'fulfillment': {}, 'merchandise_classification': {'class_id': 12, 'department_id': 87}, 'eligibility_rules': {}}, 'fulfillment': {'product_id': '94886127', 'is_out_of_stock_in_all_store_locations': True, 'sold_out': False, 'shipping_options': {'availability_status': 'OUT_OF_STOCK', 'loyalty_availability_status': 'OUT_OF_STOCK', 'services': []}, 'store_options': [{'search_response_store_type': 'PRIMARY', 'location_available_to_promise_quantity': 0, 'pre_order_location_available_to_promise_quantity': 0, 'location_id': '865', 'store': {'location_name': 'Gurnee'}, 'order_pickup': {'availability_status': 'UNAVAILABLE'}, 'ship_to_store': {'availability_status': 'UNAVAILABLE'}, 'in_store_only': {'availability_status': 'NOT_SOLD_IN_STORE'}}]}}, {'__typename': 'ProductSummary', 'tcin': '94681782', 'item': {'relationship_type_code': 'SA', 'product_classification': {'item_type': {'name': 'Collectible Trading Cards', 'type': '39980041'}}, 'product_description': {'title': 'Pok&#233;mon Trading Card Game: Mega Evolution Booster Bundle'}, 'enrichment': {'buy_url': 'https://www.target.com/p/pok-233-mon-trading-card-game-mega-evolution-booster-bundle/-/A-94681782'}, 'choking_hazard': [{'code': 'choking_hazard_small_parts', 'message': 'WARNING: choking hazard - small parts. Not for children under 3 yrs.'}], 'fulfillment': {}, 'merchandise_classification': {'class_id': 12, 'department_id': 87}, 'eligibility_rules': {}}, 'fulfillment': {'product_id': '94681782', 'is_out_of_stock_in_all_store_locations': True, 'sold_out': False, 'shipping_options': {'availability_status': 'OUT_OF_STOCK', 'loyalty_availability_status': 'OUT_OF_STOCK', 'services': []}, 'store_options': [{'search_response_store_type': 'PRIMARY', 'location_available_to_promise_quantity': 0, 'pre_order_location_available_to_promise_quantity': 0, 'location_id': '865', 'store': {'location_name': 'Gurnee'}, 'order_pickup': {'availability_status': 'UNAVAILABLE'}, 'ship_to_store': {'availability_status': 'UNAVAILABLE'}, 'in_store_only': {'availability_status': 'OUT_OF_STOCK'}}]}}, {'__typename': 'ProductSummary', 'tcin': '94300072', 'item': {'relationship_type_code': 'SA', 'product_classification': {'item_type': {'name': 'Collectible Trading Cards', 'type': '39980041'}}, 'product_description': {'title': 'Pok&#233;mon Trading Card Game: Scarlet &#38; Violet&#8212;Prismatic Evolutions Super-Premium Collection'}, 'enrichment': {'buy_url': 'https://www.target.com/p/pok-233-mon-trading-card-game-scarlet-38-violet-8212-prismatic-evolutions-super-premium-collection/-/A-94300072'}, 'choking_hazard': [{'code': 'choking_hazard_small_parts', 'message': 'WARNING: choking hazard - small parts. Not for children under 3 yrs.'}], 'fulfillment': {}, 'merchandise_classification': {'class_id': 12, 'department_id': 87}, 'eligibility_rules': {}}, 'fulfillment': {'product_id': '94300072', 'is_out_of_stock_in_all_store_locations': True, 'sold_out': False, 'shipping_options': {'availability_status': 'OUT_OF_STOCK', 'loyalty_availability_status': 'OUT_OF_STOCK', 'services': []}, 'store_options': [{'search_response_store_type': 'PRIMARY', 'location_available_to_promise_quantity': 0, 'pre_order_location_available_to_promise_quantity': 0, 'location_id': '865', 'store': {'location_name': 'Gurnee'}, 'order_pickup': {'availability_status': 'UNAVAILABLE'}, 'ship_to_store': {'availability_status': 'UNAVAILABLE'}, 'in_store_only': {'availability_status': 'OUT_OF_STOCK'}}]}}, {'__typename': 'ProductSummary', 'tcin': '94724987', 'item': {'relationship_type_code': 'SA', 'product_classification': {'item_type': {'name': 'Collectible Trading Cards', 'type': '39980041'}}, 'product_description': {'title': 'Pok&#233;mon Trading Card Game: Blooming Waters Premium Collection'}, 'enrichment': {'buy_url': 'https://www.target.com/p/pok-233-mon-trading-card-game-blooming-waters-premium-collection/-/A-94724987'}, 'fulfillment': {}, 'merchandise_classification': {'class_id': 12, 'department_id': 87}, 'eligibility_rules': {}}, 'fulfillment': {'product_id': '94724987', 'is_out_of_stock_in_all_store_locations': True, 'sold_out': False, 'shipping_options': {'availability_status': 'OUT_OF_STOCK', 'loyalty_availability_status': 'OUT_OF_STOCK', 'services': []}, 'store_options': [{'search_response_store_type': 'PRIMARY', 'location_available_to_promise_quantity': 0, 'pre_order_location_available_to_promise_quantity': 0, 'location_id': '865', 'store': {'location_name': 'Gurnee'}, 'order_pickup': {'availability_status': 'UNAVAILABLE'}, 'ship_to_store': {'availability_status': 'UNAVAILABLE'}, 'in_store_only': {'availability_status': 'OUT_OF_STOCK'}}]}}, {'__typename': 'ProductSummary', 'tcin': '1010892073', 'ornaments': [{'ornament': 'new_at_target', 'display': 'New at', 'ornament_type': 'enterprise', 'template_type': 'text_with_red_bullseye', 'metadata': '{"experiments":[{"factor":"new_at_target","value":"new_at_target_variation_1","default":false}]}'}, {'ornament': 'new_at_target_red_bullseye', 'display': 'New', 'ornament_type': 'enterprise', 'template_type': 'red_bullseye_with_text', 'metadata': '{"experiments":[{"factor":"new_at_target","value":"new_at_target_variation_2","default":false}]}'}], 'item': {'relationship_type_code': 'SA', 'product_classification': {'item_type': {'name': 'Collectible Trading Cards', 'type': '39980041'}}, 'product_description': {'title': 'Pok&#233;mon Trading Card Game: Mega Moonlit Tin- Mega Clefable'}, 'enrichment': {'buy_url': 'https://www.target.com/p/pok-233-mon-trading-card-game-mega-moonlit-tin-mega-clefable/-/A-1010892073'}, 'choking_hazard': [{'code': 'choking_hazard_small_parts', 'message': 'WARNING: choking hazard - small parts. Not for children under 3 yrs.'}], 'fulfillment': {}, 'merchandise_classification': {'class_id': 0, 'department_id': 361}}, 'fulfillment': {'product_id': '1010892073', 'is_out_of_stock_in_all_store_locations': True, 'sold_out': False, 'shipping_options': {'availability_status': 'OUT_OF_STOCK', 'loyalty_availability_status': 'OUT_OF_STOCK', 'services': []}, 'store_options': [{'search_response_store_type': 'PRIMARY', 'location_available_to_promise_quantity': 0, 'pre_order_location_available_to_promise_quantity': 0, 'location_id': '865', 'store': {'location_name': 'Gurnee'}, 'order_pickup': {'availability_status': 'UNAVAILABLE'}, 'ship_to_store': {'availability_status': 'UNAVAILABLE'}, 'in_store_only': {'availability_status': 'NOT_SOLD_IN_STORE'}}]}}, {'__typename': 'ProductSummary', 'tcin': '1010892077', 'ornaments': [{'ornament': 'new_at_target', 'display': 'New at', 'ornament_type': 'enterprise', 'template_type': 'text_with_red_bullseye', 'metadata': '{"experiments":[{"factor":"new_at_target","value":"new_at_target_variation_1","default":false}]}'}, {'ornament': 'new_at_target_red_bullseye', 'display': 'New', 'ornament_type': 'enterprise', 'template_type': 'red_bullseye_with_text', 'metadata': '{"experiments":[{"factor":"new_at_target","value":"new_at_target_variation_2","default":false}]}'}], 'item': {'relationship_type_code': 'SA', 'product_classification': {'item_type': {'name': 'Collectible Trading Cards', 'type': '39980041'}}, 'product_description': {'title': 'Pok&#233;mon Trading Card Game: Mega Moonlit Tin- Mega Gengar'}, 'enrichment': {'buy_url': 'https://www.target.com/p/pok-233-mon-trading-card-game-mega-moonlit-tin-mega-gengar/-/A-1010892077'}, 'choking_hazard': [{'code': 'choking_hazard_small_parts', 'message': 'WARNING: choking hazard - small parts. Not for children under 3 yrs.'}], 'fulfillment': {}, 'merchandise_classification': {'class_id': 0, 'department_id': 361}}, 'fulfillment': {'product_id': '1010892077', 'is_out_of_stock_in_all_store_locations': True, 'sold_out': False, 'shipping_options': {'availability_status': 'OUT_OF_STOCK', 'loyalty_availability_status': 'OUT_OF_STOCK', 'services': []}, 'store_options': [{'search_response_store_type': 'PRIMARY', 'location_available_to_promise_quantity': 0, 'pre_order_location_available_to_promise_quantity': 0, 'location_id': '865', 'store': {'location_name': 'Gurnee'}, 'order_pickup': {'availability_status': 'UNAVAILABLE'}, 'ship_to_store': {'availability_status': 'UNAVAILABLE'}, 'in_store_only': {'availability_status': 'NOT_SOLD_IN_STORE'}}]}}]}}, '__body_text': '{"data":{"product_summaries":[{"__typename":"ProductSummary","tcin":"94681776","item":{"relationship_type_code":"SA","product_classification":{"item_type":{"name":"Collectible Trading Cards","type":"39980041"}},"product_description":{"title":"Pok&#233;mon Trading Card Game: Mega Evolution Elite Trainer Box- Lucario"},"enrichment":{"buy_url":"https://www.target.com/p/pok-233-mon-trading-card-game-mega-evolution-elite-trainer-box-lucario/-/A-94681776"},"choking_hazard":[{"code":"choking_hazard_small_parts","message":"WARNING: choking hazard - small parts. Not for children under 3 yrs."}],"fulfillment":{},"merchandise_classification":{"class_id":12,"department_id":87},"eligibility_rules":{}},"fulfillment":{"product_id":"94681776","is_out_of_stock_in_all_store_locations":true,"sold_out":false,'}, unserializable_value=None, description=None, deep_serialized_value=None, object_id=None, preview=None, custom_preview=None), None)

During handling of the above exception, another exception occurred:

Traceback (most recent call last):
  File "C:\Users\elric\Desktop\testScraper\venv\Lib\site-packages\zendriver\core\connection.py", line 780, in listener_loop
    tx(**message)
  File "C:\Users\elric\Desktop\testScraper\venv\Lib\site-packages\zendriver\core\connection.py", line 126, in __call__
    return self.set_result(e.value)
           ^^^^^^^^^^^^^^^^^^^^^^^^
asyncio.exceptions.InvalidStateError: invalid state
2026-05-21 23:33:40,371 INFO starting
	executable :C:\Program Files\Google\Chrome\Application\chrome.exe

arguments:
--remote-allow-origins=*
	--no-first-run
	--no-service-autorun
	--no-default-browser-check
	--homepage=about:blank
	--no-pings
	--password-store=basic
	--disable-infobars
	--disable-breakpad
	--disable-component-update
	--disable-backgrounding-occluded-windows
	--disable-renderer-backgrounding
	--disable-background-networking
	--disable-dev-shm-usage
	--disable-features=IsolateOrigins,DisableLoadExtensionCommandLineSwitch,site-per-process
	--disable-session-crashed-bubble
	--disable-search-engine-choice-screen
	--user-data-dir=C:\Users\elric\Desktop\testScraper\state\session_profiles\s8
	--disable-features=IsolateOrigins,site-per-process
	--disable-session-crashed-bubble
	--proxy-server=127.0.0.1:24007
	--window-size=1024,768
	--disable-extensions
	--disable-default-apps
	--disable-sync
	--no-experiments
	--metrics-recording-only
	--safebrowsing-disable-auto-update
	--disable-client-side-phishing-detection
	--disable-domain-reliability
	--disable-features=IsolateOrigins,site-per-process,OptimizationHints,Translate,MediaRouter,DialMediaRouteProvider,InterestFeedV2,CalculateNativeWinOcclusion,AccountConsistency,SafeBrowsingEnhancedProtectionMessageInInterstitials
	--remote-debugging-host=127.0.0.1
	--remote-debugging-port=56565
	--webrtc-ip-handling-policy=disable_non_proxied_udp
	--force-webrtc-ip-handling-policy
	about:blank
2026-05-21 23:33:41,377 INFO enabling autodiscover targets
2026-05-21 23:33:54,864 INFO [STOCK STATS] t=120.0s sweeps=354 (2.95/s) 200=348 403=0 other=5 beh=0 outstanding=1 sessions=15r/0c/0rc pool A=16 P=0 B=0
2026-05-21 23:34:06,459 INFO [MULTI_SESSION] s8 (31.105.155.55) ready cookies=10 visitor_id=019E251D... (26.1s)
2026-05-21 23:34:23,420 INFO   ?? s8 (31.105.155.55) http=0 err=tab_evaluate_timeout
2026-05-21 23:34:24,882 INFO [STOCK STATS] t=150.0s sweeps=444 (2.96/s) 200=437 403=0 other=6 beh=0 outstanding=1 sessions=16r/0c/0rc pool A=16 P=0 B=0
2026-05-21 23:34:54,879 INFO [STOCK STATS] t=180.0s sweeps=534 (2.97/s) 200=528 403=0 other=6 beh=0 outstanding=0 sessions=16r/0c/0rc pool A=16 P=0 B=0
2026-05-21 23:35:24,899 INFO [STOCK STATS] t=210.0s sweeps=623 (2.97/s) 200=617 403=0 other=6 beh=0 outstanding=0 sessions=16r/0c/0rc pool A=16 P=0 B=0
2026-05-21 23:35:25,080 ERROR Task exception was never retrieved
future: <Task finished name='Task-2759' coro=<Listener.listener_loop() done, defined at C:\Users\elric\Desktop\testScraper\venv\Lib\site-packages\zendriver\core\connection.py:733> exception=InvalidStateError('invalid state')>
Traceback (most recent call last):
  File "C:\Users\elric\Desktop\testScraper\venv\Lib\site-packages\zendriver\core\connection.py", line 123, in __call__
    self.__cdp_obj__.send(response["result"])
StopIteration: (RemoteObject(type_='object', subtype=None, class_name=None, value={'__http_status': 200, '__body': {'errors': [{'message': 'No product found with tcin 94300069', 'locations': [{'line': 42, 'column': 3}], 'extensions': {'classification': 'DataFetchingException'}}], 'data': {'product_summaries': [{'__typename': 'ProductSummary', 'tcin': '50270379', 'desirability_cues': [{'code': 'highly_rated', 'display': 'Highly rated', 'long_description': 'Based on average star rating, number of ratings and reviews (including incentivized), and verified purchases.'}], 'ornaments': [{'ornament': 'highly_rated', 'display': 'Highly rated', 'long_description': 'Based on average star rating, number of ratings and reviews (including incentivized), and verified purchases.', 'ornament_type': 'guest', 'template_type': 'light_marker_with_star'}], 'item': {'relationship_type_code': 'SA', 'product_classification': {'item_type': {'name': 'Chewing Gum and Mints', 'type': '428330'}}, 'product_description': {'title': 'Extra Sugar-Free Polar Ice Mint Chewing Gum - 35ct'}, 'enrichment': {'buy_url': 'https://www.target.com/p/extra-polar-ice-sugarfree-gum-35ct/-/A-50270379'}, 'fulfillment': {}, 'merchandise_classification': {'class_id': 9, 'department_id': 55}, 'eligibility_rules': {}}, 'fulfillment': {'product_id': '50270379', 'is_out_of_stock_in_all_store_locations': False, 'sold_out': False, 'shipping_options': {'availability_status': 'IN_STOCK', 'loyalty_availability_status': 'IN_STOCK', 'services': [{'cutoff': '2026-05-22T23:00:00Z', 'shipping_method_id': 'STANDARD', 'min_delivery_date': '2026-05-23', 'max_delivery_date': '2026-05-23', 'is_two_day_shipping': True, 'is_base_shipping_method': True}]}, 'store_options': [{'search_response_store_type': 'PRIMARY', 'location_available_to_promise_quantity': 10, 'pre_order_location_available_to_promise_quantity': 0, 'location_id': '865', 'store': {'location_name': 'Gurnee'}, 'order_pickup': {'availability_status': 'IN_STOCK', 'pickup_date': '2026-05-22', 'guest_pick_sla': 120, 'location_locale': 'America/Chicago'}, 'in_store_only': {'availability_status': 'IN_STOCK'}}]}}, {'__typename': 'ProductSummary', 'tcin': '1011206804', 'desirability_cues': [{'code': 'social_proofing', 'display': '105k+ bought in last month', 'long_description': 'This item was bought over 105k times this month.'}], 'ornaments': [{'ornament': 'new_at_target', 'display': 'New at', 'ornament_type': 'enterprise', 'template_type': 'text_with_red_bullseye', 'metadata': '{"experiments":[{"factor":"new_at_target","value":"new_at_target_variation_1","default":false}]}'}, {'ornament': 'new_at_target_red_bullseye', 'display': 'New', 'ornament_type': 'enterprise', 'template_type': 'red_bullseye_with_text', 'metadata': '{"experiments":[{"factor":"new_at_target","value":"new_at_target_variation_2","default":false}]}'}, {'ornament': 'social_proofing', 'display': '105k+ bought in last month', 'long_description': 'This item was bought over 105k times this month.', 'ornament_type': 'guest', 'template_type': 'bold_prefix_with_text'}], 'item': {'relationship_type_code': 'SA', 'product_classification': {'item_type': {'name': 'Collectible Trading Cards', 'type': '39980041'}}, 'product_description': {'title': 'Pok&#233;mon Trading Card Game: Scarlet &#38; Violet&#8212;Prismatic Evolutions Elite Trainer Box'}, 'enrichment': {'buy_url': 'https://www.target.com/p/pok-233-mon-trading-card-game-scarlet-38-violet-8212-prismatic-evolutions-elite-trainer-box/-/A-1011206804'}, 'choking_hazard': [{'code': 'choking_hazard_small_parts', 'message': 'WARNING: choking hazard - small parts. Not for children under 3 yrs.'}], 'fulfillment': {}, 'merchandise_classification': {'class_id': 0, 'department_id': 361}}, 'fulfillment': {'product_id': '1011206804', 'is_out_of_stock_in_all_store_locations': True, 'sold_out': False, 'shipping_options': {'availability_status': 'OUT_OF_STOCK', 'loyalty_availability_status': 'OUT_OF_STOCK', 'services': []}, 'store_options': [{'search_response_store_type': 'PRIMARY', 'location_available_to_promise_quantity': 0, 'pre_order_location_available_to_promise_quantity': 0, 'location_id': '865', 'store': {'location_name': 'Gurnee'}, 'order_pickup': {'availability_status': 'UNAVAILABLE'}, 'ship_to_store': {'availability_status': 'UNAVAILABLE'}, 'in_store_only': {'availability_status': 'OUT_OF_STOCK'}}]}}, {'__typename': 'ProductSummary', 'tcin': '95138474', 'desirability_cues': [{'code': 'social_proofing', 'display': '300+ bought in last month', 'long_description': 'This item was bought over 300 times this month.'}], 'ornaments': [{'ornament': 'social_proofing', 'display': '300+ bought in last month', 'long_description': 'This item was bought over 300 times this month.', 'ornament_type': 'guest', 'template_type': 'bold_prefix_with_text'}], 'item': {'relationship_type_code': 'SA', 'product_classification': {'item_type': {'name': 'Collectible Trading Cards', 'type': '39980041'}}, 'product_description': {'title': 'Pok&#233;mon Trading Card Game: Mega Charizard Y Tin'}, 'enrichment': {'buy_url': 'https://www.target.com/p/pok-233-mon-trading-card-game-mega-charizard-y-tin/-/A-95138474'}, 'choking_hazard': [{'code': 'choking_hazard_small_parts', 'message': 'WARNING: choking hazard - small parts. Not for children under 3 yrs.'}], 'fulfillment': {}, 'merchandise_classification': {'class_id': 0, 'department_id': 361}}, 'fulfillment': {'product_id': '95138474', 'is_out_of_stock_in_all_store_locations': True, 'sold_out': False, 'shipping_options': {'availability_status': 'OUT_OF_STOCK', 'loyalty_availability_status': 'OUT_OF_STOCK', 'services': []}, 'store_options': [{'search_response_store_type': 'PRIMARY', 'location_available_to_promise_quantity': 0, 'pre_order_location_available_to_promise_quantity': 0, 'location_id': '865', 'store': {'location_name': 'Gurnee'}, 'order_pickup': {'availability_status': 'UNAVAILABLE'}, 'ship_to_store': {'availability_status': 'UNAVAILABLE'}, 'in_store_only': {'availability_status': 'NOT_SOLD_IN_STORE'}}]}}, {'__typename': 'ProductSummary', 'tcin': '91619960', 'desirability_cues': [{'code': 'highly_rated', 'display': 'Highly rated', 'long_description': 'Based on average star rating, number of ratings and reviews (including incentivized), and verified purchases.'}], 'ornaments': [{'ornament': 'highly_rated', 'display': 'Highly rated', 'long_description': 'Based on average star rating, number of ratings and reviews (including incentivized), and verified purchases.', 'ornament_type': 'guest', 'template_type': 'light_marker_with_star'}], 'item': {'relationship_type_code': 'SA', 'product_classification': {'item_type': {'name': 'Collectible Trading Cards', 'type': '39980041'}}, 'product_description': {'title': 'Pok&#233;mon Trading Card Game: Scarlet &#38; Violet&#8212; Twilight Masquerade Elite Trainer Box'}, 'enrichment': {'buy_url': 'https://www.target.com/p/pok-233-mon-trading-card-game-scarlet-38-violet-8212-twilight-masquerade-elite-trainer-box/-/A-91619960'}, 'choking_hazard': [{'code': 'choking_hazard_small_parts', 'message': 'WARNING: choking hazard - small parts. Not for children under 3 yrs.'}], 'fulfillment': {}, 'merchandise_classification': {'class_id': 12, 'department_id': 87}, 'eligibility_rules': {}}, 'fulfillment': {'product_id': '91619960', 'is_out_of_stock_in_all_store_locations': True, 'sold_out': False, 'shipping_options': {'availability_status': 'OUT_OF_STOCK', 'loyalty_availability_status': 'OUT_OF_STOCK', 'services': []}, 'store_options': [{'search_response_store_type': 'PRIMARY', 'location_available_to_promise_quantity': 0, 'pre_order_location_available_to_promise_quantity': 0, 'location_id': '865', 'store': {'location_name': 'Gurnee'}, 'order_pickup': {'availability_status': 'UNAVAILABLE'}, 'ship_to_store': {'availability_status': 'UNAVAILABLE'}, 'in_store_only': {'availability_status': 'OUT_OF_STOCK'}}]}}, {'__typename': 'ProductSummary', 'tcin': '94681790', 'desirability_cues': [{'code': 'social_proofing', 'display': '2k+ bought in last month', 'long_description': 'This item was bought over 2k times this month.'}], 'ornaments': [{'ornament': 'social_proofing', 'display': '2k+ bought in last month', 'long_description': 'This item was bought over 2k times this month.', 'ornament_type': 'guest', 'template_type': 'bold_prefix_with_text'}], 'item': {'relationship_type_code': 'SA', 'product_classification': {'item_type': {'name': 'Collectible Trading Cards', 'type': '39980041'}}, 'product_description': {'title': 'Pok&#233;mon Trading Card Game : Charizard X ex Ultra-Premium Collection'}, 'enrichment': {'buy_url': 'https://www.target.com/p/pok-233-mon-trading-card-game-charizard-x-ex-ultra-premium-collection/-/A-94681790'}, 'choking_hazard': [{'code': 'choking_hazard_small_parts', 'message': 'WARNING: choking hazard - small parts. Not for children under 3 yrs.'}], 'fulfillment': {}, 'merchandise_classification': {'class_id': 12, 'department_id': 87}, 'eligibility_rules': {}}, 'fulfillment': {'product_id': '94681790', 'is_out_of_stock_in_all_store_locations': True, 'sold_out': False, 'shipping_options': {'availability_status': 'OUT_OF_STOCK', 'loyalty_availability_status': 'OUT_OF_STOCK', 'services': []}, 'store_options': [{'search_response_store_type': 'PRIMARY', 'location_available_to_promise_quantity': 0, 'pre_order_location_available_to_promise_quantity': 0, 'location_id': '865', 'store': {'location_name': 'Gurnee'}, 'order_pickup': {'availability_status': 'UNAVAILABLE'}, 'ship_to_store': {'availability_status': 'UNAVAILABLE'}, 'in_store_only': {'availability_status': 'OUT_OF_STOCK'}}]}}, {'__typename': 'ProductSummary', 'tcin': '94636866', 'desirability_cues': [{'code': 'social_proofing', 'display': '200+ bought in last month', 'long_description': 'This item was bought over 200 times this month.'}], 'ornaments': [{'ornament': 'social_proofing', 'display': '200+ bought in last month', 'long_description': 'This item was bought over 200 times this month.', 'ornament_type': 'guest', 'template_type': 'bold_prefix_with_text'}], 'item': {'relationship_type_code': 'SA', 'product_classification': {'item_type': {'name': 'Collectible Trading Cards', 'type': '39980041'}}, 'product_description': {'title': 'Pok&#233;mon Trading Card Game: Unova Victini Illustration Collection'}, 'enrichment': {'buy_url': 'https://www.target.com/p/pok-233-mon-trading-card-game-unova-victini-illustration-collection/-/A-94636866'}, 'choking_hazard': [{'code': 'choking_hazard_small_parts', 'message': 'WARNING: choking hazard - small parts. Not for children under 3 yrs.'}], 'fulfillment': {}, 'merchandise_classification': {'class_id': 12, 'department_id': 87}, 'eligibility_rules': {}}, 'fulfillment': {'product_id': '94636866', 'is_out_of_stock_in_all_store_locations': True, 'sold_out': False, 'shipping_options': {'availability_status': 'OUT_OF_STOCK', 'loyalty_availability_status': 'OUT_OF_STOCK', 'services': []}, 'store_options': [{'search_response_store_type': 'PRIMARY', 'location_available_to_promise_quantity': 0, 'pre_order_location_available_to_promise_quantity': 0, 'location_id': '865', 'store': {'location_name': 'Gurnee'}, 'order_pickup': {'availability_status': 'UNAVAILABLE'}, 'ship_to_store': {'availability_status': 'UNAVAILABLE'}, 'in_store_only': {'availability_status': 'OUT_OF_STOCK'}}]}}, {'__typename': 'ProductSummary', 'tcin': '95138464', 'desirability_cues': [{'code': 'social_proofing', 'display': '600+ bought in last month', 'long_description': 'This item was bought over 600 times this month.'}], 'ornaments': [{'ornament': 'social_proofing', 'display': '600+ bought in last month', 'long_description': 'This item was bought over 600 times this month.', 'ornament_type': 'guest', 'template_type': 'bold_prefix_with_text'}], 'item': {'relationship_type_code': 'SA', 'product_classification': {'item_type': {'name': 'Collectible Trading Cards', 'type': '39980041'}}, 'product_description': {'title': 'Pok&#233;mon Trading Card Game: Mega Charizard X Tin'}, 'enrichment': {'buy_url': 'https://www.target.com/p/pok-233-mon-trading-card-game-mega-charizard-x-tin/-/A-95138464'}, 'choking_hazard': [{'code': 'choking_hazard_small_parts', 'message': 'WARNING: choking hazard - small parts. Not for children under 3 yrs.'}], 'fulfillment': {}, 'merchandise_classification': {'class_id': 0, 'department_id': 361}}, 'fulfillment': {'product_id': '95138464', 'is_out_of_stock_in_all_store_locations': True, 'sold_out': False, 'shipping_options': {'availability_status': 'OUT_OF_STOCK', 'loyalty_availability_status': 'OUT_OF_STOCK', 'services': []}, 'store_options': [{'search_response_store_type': 'PRIMARY', 'location_available_to_promise_quantity': 0, 'pre_order_location_available_to_promise_quantity': 0, 'location_id': '865', 'store': {'location_name': 'Gurnee'}, 'order_pickup': {'availability_status': 'UNAVAILABLE'}, 'ship_to_store': {'availability_status': 'UNAVAILABLE'}, 'in_store_only': {'availability_status': 'NOT_SOLD_IN_STORE'}}]}}, {'__typename': 'ProductSummary', 'tcin': '1008581387', 'desirability_cues': [{'code': 'social_proofing', 'display': '22k+ bought in last month', 'long_description': 'This item was bought over 22k times this month.'}], 'ornaments': [{'ornament': 'social_proofing', 'display': '22k+ bought in last month', 'long_description': 'This item was bought over 22k times this month.', 'ornament_type': 'guest', 'template_type': 'bold_prefix_with_text'}], 'item': {'relationship_type_code': 'SA', 'product_classification': {'item_type': {'name': 'Collectible Trading Cards', 'type': '39980041'}}, 'product_description': {'title': 'Pok&#233;mon Trading Card Game: Mega Evolution&#8212;Ascended Heroes Mega Emboar ex Box'}, 'enrichment': {'buy_url': 'https://www.target.com/p/pok-233-mon-trading-card-game-mega-evolutionascended-heroes-mega-emboar-ex-box/-/A-1008581387'}, 'choking_hazard': [{'code': 'choking_hazard_small_parts', 'message': 'WARNING: choking hazard - small parts. Not for children under 3 yrs.'}], 'fulfillment': {}, 'merchandise_classification': {'class_id': 0, 'department_id': 361}}, 'fulfillment': {'product_id': '1008581387', 'is_out_of_stock_in_all_store_locations': True, 'sold_out': False, 'shipping_options': {'availability_status': 'OUT_OF_STOCK', 'loyalty_availability_status': 'OUT_OF_STOCK', 'services': []}, 'store_options': [{'search_response_store_type': 'PRIMARY', 'location_available_to_promise_quantity': 0, 'pre_order_location_available_to_promise_quantity': 0, 'location_id': '865', 'store': {'location_name': 'Gurnee'}, 'order_pickup': {'availability_status': 'UNAVAILABLE'}, 'ship_to_store': {'availability_status': 'UNAVAILABLE'}, 'in_store_only': {'availability_status': 'NOT_SOLD_IN_STORE'}}]}}, {'__typename': 'ProductSummary', 'tcin': '95163305', 'desirability_cues': [{'code': 'social_proofing', 'display': '22k+ bought in last month', 'long_description': 'This item was bought over 22k times this month.'}], 'ornaments': [{'ornament': 'social_proofing', 'display': '22k+ bought in last month', 'long_description': 'This item was bought over 22k times this month.', 'ornament_type': 'guest', 'template_type': 'bold_prefix_with_text'}], 'item': {'relationship_type_code': 'SA', 'product_classification': {'item_type': {'name': 'Collectible Trading Cards', 'type': '39980041'}}, 'product_description': {'title': 'Pok&#233;mon Trading Card Game: Mega Evolution&#8212;Ascended Heroes Mega Meganium ex Box'}, 'enrichment': {'buy_url': 'https://www.target.com/p/pok-233-mon-trading-card-game-mega-evolutionascended-heroes-mega-meganium-ex-box/-/A-95163305'}, 'choking_hazard': [{'code': 'choking_hazard_small_parts', 'message': 'WARNING: choking hazard - small parts. Not for children under 3 yrs.'}], 'fulfillment': {}, 'merchandise_classification': {'class_id': 0, 'department_id': 361}}, 'fulfillment': {'product_id': '95163305', 'is_out_of_stock_in_all_store_locations': True, 'sold_out': False, 'shipping_options': {'availability_status': 'OUT_OF_STOCK', 'loyalty_availability_status': 'OUT_OF_STOCK', 'services': []}, 'store_options': [{'search_response_store_type': 'PRIMARY', 'location_available_to_promise_quantity': 0, 'pre_order_location_available_to_promise_quantity': 0, 'location_id': '865', 'store': {'location_name': 'Gurnee'}, 'order_pickup': {'availability_status': 'UNAVAILABLE'}, 'ship_to_store': {'availability_status': 'UNAVAILABLE'}, 'in_store_only': {'availability_status': 'NOT_SOLD_IN_STORE'}}]}}, {'__typename': 'ProductSummary', 'tcin': '95163306', 'desirability_cues': [{'code': 'social_proofing', 'display': '30k+ bought in last month', 'long_description': 'This item was bought over 30k times this month.'}], 'ornaments': [{'ornament': 'social_proofing', 'display': '30k+ bought in last month', 'long_description': 'This item was bought over 30k times this month.', 'ornament_type': 'guest', 'template_type': 'bold_prefix_with_text'}], 'item': {'relationship_type_code': 'SA', 'product_classification': {'item_type': {'name': 'Collectible Trading Cards', 'type': '39980041'}}, 'product_description': {'title': 'Pok&#233;mon Trading Card Game: Mega Evolution&#8212;Ascended Heroes Mega Feraligatr ex Box'}, 'enrichment': {'buy_url': 'https://www.target.com/p/pok-233-mon-trading-card-game-mega-evolutionascended-heroes-mega-feraligatr-ex-box/-/A-95163306'}, 'choking_hazard': [{'code': 'choking_hazard_small_parts', 'message': 'WARNING: choking hazard - small parts. Not for children under 3 yrs.'}], 'fulfillment': {}, 'merchandise_classification': {'class_id': 0, 'department_id': 361}}, 'fulfillment': {'product_id': '95163306', 'is_out_of_stock_in_all_store_locations': True, 'sold_out': False, 'shipping_options': {'availability_status': 'OUT_OF_STOCK', 'loyalty_availability_status': 'OUT_OF_STOCK', 'services': []}, 'store_options': [{'search_response_store_type': 'PRIMARY', 'location_available_to_promise_quantity': 0, 'pre_order_location_available_to_promise_quantity': 0, 'location_id': '865', 'store': {'location_name': 'Gurnee'}, 'order_pickup': {'availability_status': 'UNAVAILABLE'}, 'ship_to_store': {'availability_status': 'UNAVAILABLE'}, 'in_store_only': {'availability_status': 'NOT_SOLD_IN_STORE'}}]}}, {'__typename': 'ProductSummary', 'tcin': '95225595', 'desirability_cues': [{'code': 'bestseller', 'display': 'Bestseller', 'long_description': 'Based on sales and guest views of this item within the last 30 days.'}], 'ornaments': [{'ornament': 'bestseller', 'display': 'Bestseller', 'long_description': 'Based on sales and guest views of this item within the last 30 days.', 'ornament_type': 'guest', 'template_type': 'dark_marker_with_trophy'}], 'item': {'relationship_type_code': 'SA', 'product_classification': {'item_type': {'name': 'Collectible Trading Cards', 'type': '39980041'}}, 'product_description': {'title': 'Pok&#233;mon Trading Card Game: First Partner Illustration Collection Series 1'}, 'enrichment': {'buy_url': 'https://www.target.com/p/pok-233-mon-trading-card-game-first-partner-illustration-collection-series-1/-/A-95225595'}, 'choking_hazard': [{'code': 'choking_hazard_small_parts', 'message': 'WARNING: choking hazard - small parts. Not for children under 3 yrs.'}], 'fulfillment': {}, 'merchandise_classification': {'class_id': 0, 'department_id': 361}}, 'fulfillment': {'product_id': '95225595', 'is_out_of_stock_in_all_store_locations': True, 'sold_out': False, 'shipping_options': {'availability_status': 'OUT_OF_STOCK', 'loyalty_availability_status': 'OUT_OF_STOCK', 'services': []}, 'store_options': [{'search_response_store_type': 'PRIMARY', 'location_available_to_promise_quantity': 0, 'pre_order_location_available_to_promise_quantity': 0, 'location_id': '865', 'store': {'location_name': 'Gurnee'}, 'order_pickup': {'availability_status': 'UNAVAILABLE'}, 'ship_to_store': {'availability_status': 'UNAVAILABLE'}, 'in_store_only': {'availability_status': 'OUT_OF_STOCK'}}]}}, {'__typename': 'ProductSummary', 'tcin': '95120834', 'desirability_cues': [{'code': 'bestseller', 'display': 'Bestseller', 'long_description': 'Based on sales and guest views of this item within the last 30 days.'}], 'ornaments': [{'ornament': 'bestseller', 'display': 'Bestseller', 'long_description': 'Based on sales and guest views of this item within the last 30 days.', 'ornament_type': 'guest', 'template_type': 'dark_marker_with_trophy'}], 'item': {'relationship_type_code': 'SA', 'product_classification': {'item_type': {'name': 'Collectible Trading Cards', 'type': '39980041'}}, 'product_description': {'title': 'Pok&#233;mon Trading Card Game: Mega Evolution Ascended Heroes Booster Bundle'}, 'enrichment': {'buy_url': 'https://www.target.com/p/pok-233-mon-trading-card-game-mega-evolution-ascended-heroes-booster-bundle/-/A-95120834'}, 'choking_hazard': [{'code': 'choking_hazard_small_parts', 'message': 'WARNING: choking hazard - small parts. Not for children under 3 yrs.'}], 'fulfillment': {}, 'merchandise_classification': {'class_id': 0, 'department_id': 361}}, 'fulfillment': {'product_id': '95120834', 'is_out_of_stock_in_all_store_locations': True, 'sold_out': False, 'shipping_options': {'availability_status': 'OUT_OF_STOCK', 'loyalty_availability_status': 'OUT_OF_STOCK', 'services': []}, 'store_options': [{'search_response_store_type': 'PRIMARY', 'location_available_to_promise_quantity': 0, 'pre_order_location_available_to_promise_quantity': 0, 'location_id': '865', 'store': {'location_name': 'Gurnee'}, 'order_pickup': {'availability_status': 'UNAVAILABLE'}, 'ship_to_store': {'availability_status': 'UNAVAILABLE'}, 'in_store_only': {'availability_status': 'OUT_OF_STOCK'}}]}}, {'__typename': 'ProductSummary', 'tcin': '95082118', 'desirability_cues': [{'code': 'social_proofing', 'display': '52k+ bought in last month', 'long_description': 'This item was bought over 52k times this month.'}], 'ornaments': [{'ornament': 'social_proofing', 'display': '52k+ bought in last month', 'long_description': 'This item was bought over 52k times this month.', 'ornament_type': 'guest', 'template_type': 'bold_prefix_with_text'}], 'item': {'relationship_type_code': 'SA', 'product_classification': {'item_type': {'name': 'Collectible Trading Cards', 'type': '39980041'}}, 'product_description': {'title': 'Pok&#233;mon Trading Card Game: Mega Evolution&#8212; Ascended Heroes Elite Trainer Box'}, 'enrichment': {'buy_url': 'https://www.target.com/p/2025-pok-me-2-5-elite-trainer-box/-/A-95082118'}, 'choking_hazard': [{'code': 'choking_hazard_small_parts', 'message': 'WARNING: choking hazard - small parts. Not for children under 3 yrs.'}], 'fulfillment': {}, 'merchandise_classification': {'class_id': 0, 'department_id': 361}}, 'fulfillment': {'product_id': '95082118', 'is_out_of_stock_in_all_store_locations': True, 'sold_out': False, 'shipping_options': {'availability_status': 'OUT_OF_STOCK', 'loyalty_availability_status': 'OUT_OF_STOCK', 'services': []}, 'store_options': [{'search_response_store_type': 'PRIMARY', 'location_available_to_promise_quantity': 0, 'pre_order_location_available_to_promise_quantity': 0, 'location_id': '865', 'store': {'location_name': 'Gurnee'}, 'order_pickup': {'availability_status': 'UNAVAILABLE'}, 'ship_to_store': {'availability_status': 'UNAVAILABLE'}, 'in_store_only': {'availability_status': 'OUT_OF_STOCK'}}]}}, {'__typename': 'ProductSummary', 'tcin': '95093982', 'desirability_cues': [{'code': 'social_proofing', 'display': '25k+ bought in last month', 'long_description': 'This item was bought over 25k times this month.'}], 'ornaments': [{'ornament': 'social_proofing', 'display': '25k+ bought in last month', 'long_description': 'This item was bought over 25k times this month.', 'ornament_type': 'guest', 'template_type': 'bold_prefix_with_text'}], 'item': {'relationship_type_code': 'SA', 'product_classification': {'item_type': {'name': 'Collectible Trading Cards', 'type': '39980041'}}, 'product_description': {'title': 'Pok&#233;mon Trading Card Game: Mega Evolution Ascended Heroes Premium Poster Collection Mega Gardevoir'}, 'enrichment': {'buy_url': 'https://www.target.com/p/pok-233-mon-trading-card-game-mega-evolution-ascended-heroes-premium-poster-collection-mega-gardevoir/-/A-95093982'}, 'choking_hazard': [{'code': 'choking_hazard_small_parts', 'message': 'WARNING: choking hazard - small parts. Not for children under 3 yrs.'}], 'fulfillment': {}, 'merchandise_classification': {'class_id': 0, 'department_id': 361}}, 'fulfillment': {'product_id': '95093982', 'is_out_of_stock_in_all_store_locations': True, 'sold_out': False, 'shipping_options': {'availability_status': 'OUT_OF_STOCK', 'loyalty_availability_status': 'OUT_OF_STOCK', 'services': []}, 'store_options': [{'search_response_store_type': 'PRIMARY', 'location_available_to_promise_quantity': 0, 'pre_order_location_available_to_promise_quantity': 0, 'location_id': '865', 'store': {'location_name': 'Gurnee'}, 'order_pickup': {'availability_status': 'UNAVAILABLE'}, 'ship_to_store': {'availability_status': 'UNAVAILABLE'}, 'in_store_only': {'availability_status': 'NOT_SOLD_IN_STORE'}}]}}, {'__typename': 'ProductSummary', 'tcin': '95093981', 'desirability_cues': [{'code': 'social_proofing', 'display': '25k+ bought in last month', 'long_description': 'This item was bought over 25k times this month.'}], 'ornaments': [{'ornament': 'social_proofing', 'display': '25k+ bought in last month', 'long_description': 'This item was bought over 25k times this month.', 'ornament_type': 'guest', 'template_type': 'bold_prefix_with_text'}], 'item': {'relationship_type_code': 'SA', 'product_classification': {'item_type': {'name': 'Collectible Trading Cards', 'type': '39980041'}}, 'product_description': {'title': 'Pok&#233;mon Trading Card Game: Mega Evolution Ascended Heroes Premium Poster Collection Mega Lucario'}, 'enrichment': {'buy_url': 'https://www.target.com/p/pok-233-mon-trading-card-game-mega-evolution-ascended-heroes-premium-poster-collection-mega-lucario/-/A-95093981'}, 'choking_hazard': [{'code': 'choking_hazard_small_parts', 'message': 'WARNING: choking hazard - small parts. Not for children under 3 yrs.'}], 'fulfillment': {}, 'merchandise_classification': {'class_id': 0, 'department_id': 361}}, 'fulfillment': {'product_id': '95093981', 'is_out_of_stock_in_all_store_locations': True, 'sold_out': False, 'shipping_options': {'availability_status': 'OUT_OF_STOCK', 'loyalty_availability_status': 'OUT_OF_STOCK', 'services': []}, 'store_options': [{'search_response_store_type': 'PRIMARY', 'location_available_to_promise_quantity': 0, 'pre_order_location_available_to_promise_quantity': 0, 'location_id': '865', 'store': {'location_name': 'Gurnee'}, 'order_pickup': {'availability_status': 'UNAVAILABLE'}, 'ship_to_store': {'availability_status': 'UNAVAILABLE'}, 'in_store_only': {'availability_status': 'NOT_SOLD_IN_STORE'}}]}}, {'__typename': 'ProductSummary', 'tcin': '95093989', 'desirability_cues': [{'code': 'highly_rated', 'display': 'Highly rated', 'long_description': 'Based on average star rating, number of ratings and reviews (including incentivized), and verified purchases.'}], 'ornaments': [{'ornament': 'highly_rated', 'display': 'Highly rated', 'long_description': 'Based on average star rating, number of ratings and reviews (including incentivized), and verified purchases.', 'ornament_type': 'guest', 'template_type': 'light_marker_with_star'}], 'item': {'relationship_type_code': 'SA', 'product_classification': {'item_type': {'name': 'Collectible Trading Cards', 'type': '39980041'}}, 'product_description': {'title': 'Pok&#233;mon Trading Card Game: Mega Evolution Ascended Heroes First Partners Deluxe Pin Collection'}, 'enrichment': {'buy_url': 'https://www.target.com/p/pok-233-mon-trading-card-game-mega-evolution-ascended-heroes-first-partners-deluxe-pin-collection/-/A-95093989'}, 'choking_hazard': [{'code': 'choking_hazard_small_parts', 'message': 'WARNING: choking hazard - small parts. Not for children under 3 yrs.'}], 'fulfillment': {}, 'merchandise_classification': {'class_id': 0, 'department_id': 361}}, 'fulfillment': {'product_id': '95093989', 'is_out_of_stock_in_all_store_locations': True, 'sold_out': False, 'shipping_options': {'availability_status': 'OUT_OF_STOCK', 'loyalty_availability_status': 'OUT_OF_STOCK', 'services': []}, 'store_options': [{'search_response_store_type': 'PRIMARY', 'location_available_to_promise_quantity': 0, 'pre_order_location_available_to_promise_quantity': 0, 'location_id': '865', 'store': {'location_name': 'Gurnee'}, 'order_pickup': {'availability_status': 'UNAVAILABLE'}, 'ship_to_store': {'availability_status': 'UNAVAILABLE'}, 'in_store_only': {'availability_status': 'OUT_OF_STOCK'}}]}}]}}, '__body_text': '{"errors":[{"message":"No product found with tcin 94300069","locations":[{"line":42,"column":3}],"extensions":{"classification":"DataFetchingException"}}],"data":{"product_summaries":[{"__typename":"ProductSummary","tcin":"50270379","desirability_cues":[{"code":"highly_rated","display":"Highly rated","long_description":"Based on average star rating, number of ratings and reviews (including incentivized), and verified purchases."}],"ornaments":[{"ornament":"highly_rated","display":"Highly rated","long_description":"Based on average star rating, number of ratings and reviews (including incentivized), and verified purchases.","ornament_type":"guest","template_type":"light_marker_with_star"}],"item":{"relationship_type_code":"SA","product_classification":{"item_type":{"name":"Chewing Gum and M'}, unserializable_value=None, description=None, deep_serialized_value=None, object_id=None, preview=None, custom_preview=None), None)

During handling of the above exception, another exception occurred:

Traceback (most recent call last):
  File "C:\Users\elric\Desktop\testScraper\venv\Lib\site-packages\zendriver\core\connection.py", line 780, in listener_loop
    tx(**message)
  File "C:\Users\elric\Desktop\testScraper\venv\Lib\site-packages\zendriver\core\connection.py", line 126, in __call__
    return self.set_result(e.value)
           ^^^^^^^^^^^^^^^^^^^^^^^^
asyncio.exceptions.InvalidStateError: invalid state
2026-05-21 23:35:25,080 ERROR Task exception was never retrieved
future: <Task finished name='Task-6869' coro=<Listener.listener_loop() done, defined at C:\Users\elric\Desktop\testScraper\venv\Lib\site-packages\zendriver\core\connection.py:733> exception=InvalidStateError('invalid state')>
Traceback (most recent call last):
  File "C:\Users\elric\Desktop\testScraper\venv\Lib\site-packages\zendriver\core\connection.py", line 123, in __call__
    self.__cdp_obj__.send(response["result"])
StopIteration: (RemoteObject(type_='object', subtype=None, class_name=None, value={'__http_status': 200, '__body': {'errors': [{'message': 'No product found with tcin 94300069', 'locations': [{'line': 42, 'column': 3}], 'extensions': {'classification': 'DataFetchingException'}}], 'data': {'product_summaries': [{'__typename': 'ProductSummary', 'tcin': '50270379', 'desirability_cues': [{'code': 'highly_rated', 'display': 'Highly rated', 'long_description': 'Based on average star rating, number of ratings and reviews (including incentivized), and verified purchases.'}], 'ornaments': [{'ornament': 'highly_rated', 'display': 'Highly rated', 'long_description': 'Based on average star rating, number of ratings and reviews (including incentivized), and verified purchases.', 'ornament_type': 'guest', 'template_type': 'light_marker_with_star'}], 'item': {'relationship_type_code': 'SA', 'product_classification': {'item_type': {'name': 'Chewing Gum and Mints', 'type': '428330'}}, 'product_description': {'title': 'Extra Sugar-Free Polar Ice Mint Chewing Gum - 35ct'}, 'enrichment': {'buy_url': 'https://www.target.com/p/extra-polar-ice-sugarfree-gum-35ct/-/A-50270379'}, 'fulfillment': {}, 'merchandise_classification': {'class_id': 9, 'department_id': 55}, 'eligibility_rules': {}}, 'fulfillment': {'product_id': '50270379', 'is_out_of_stock_in_all_store_locations': False, 'sold_out': False, 'shipping_options': {'availability_status': 'IN_STOCK', 'loyalty_availability_status': 'IN_STOCK', 'services': [{'cutoff': '2026-05-22T23:00:00Z', 'shipping_method_id': 'STANDARD', 'min_delivery_date': '2026-05-23', 'max_delivery_date': '2026-05-23', 'is_two_day_shipping': True, 'is_base_shipping_method': True}]}, 'store_options': [{'search_response_store_type': 'PRIMARY', 'location_available_to_promise_quantity': 10, 'pre_order_location_available_to_promise_quantity': 0, 'location_id': '865', 'store': {'location_name': 'Gurnee'}, 'order_pickup': {'availability_status': 'IN_STOCK', 'pickup_date': '2026-05-22', 'guest_pick_sla': 120, 'location_locale': 'America/Chicago'}, 'in_store_only': {'availability_status': 'IN_STOCK'}}]}}, {'__typename': 'ProductSummary', 'tcin': '1011206804', 'desirability_cues': [{'code': 'social_proofing', 'display': '105k+ bought in last month', 'long_description': 'This item was bought over 105k times this month.'}], 'ornaments': [{'ornament': 'new_at_target', 'display': 'New at', 'ornament_type': 'enterprise', 'template_type': 'text_with_red_bullseye', 'metadata': '{"experiments":[{"factor":"new_at_target","value":"new_at_target_variation_1","default":false}]}'}, {'ornament': 'new_at_target_red_bullseye', 'display': 'New', 'ornament_type': 'enterprise', 'template_type': 'red_bullseye_with_text', 'metadata': '{"experiments":[{"factor":"new_at_target","value":"new_at_target_variation_2","default":false}]}'}, {'ornament': 'social_proofing', 'display': '105k+ bought in last month', 'long_description': 'This item was bought over 105k times this month.', 'ornament_type': 'guest', 'template_type': 'bold_prefix_with_text'}], 'item': {'relationship_type_code': 'SA', 'product_classification': {'item_type': {'name': 'Collectible Trading Cards', 'type': '39980041'}}, 'product_description': {'title': 'Pok&#233;mon Trading Card Game: Scarlet &#38; Violet&#8212;Prismatic Evolutions Elite Trainer Box'}, 'enrichment': {'buy_url': 'https://www.target.com/p/pok-233-mon-trading-card-game-scarlet-38-violet-8212-prismatic-evolutions-elite-trainer-box/-/A-1011206804'}, 'choking_hazard': [{'code': 'choking_hazard_small_parts', 'message': 'WARNING: choking hazard - small parts. Not for children under 3 yrs.'}], 'fulfillment': {}, 'merchandise_classification': {'class_id': 0, 'department_id': 361}}, 'fulfillment': {'product_id': '1011206804', 'is_out_of_stock_in_all_store_locations': True, 'sold_out': False, 'shipping_options': {'availability_status': 'OUT_OF_STOCK', 'loyalty_availability_status': 'OUT_OF_STOCK', 'services': []}, 'store_options': [{'search_response_store_type': 'PRIMARY', 'location_available_to_promise_quantity': 0, 'pre_order_location_available_to_promise_quantity': 0, 'location_id': '865', 'store': {'location_name': 'Gurnee'}, 'order_pickup': {'availability_status': 'UNAVAILABLE'}, 'ship_to_store': {'availability_status': 'UNAVAILABLE'}, 'in_store_only': {'availability_status': 'OUT_OF_STOCK'}}]}}, {'__typename': 'ProductSummary', 'tcin': '95138474', 'desirability_cues': [{'code': 'social_proofing', 'display': '300+ bought in last month', 'long_description': 'This item was bought over 300 times this month.'}], 'ornaments': [{'ornament': 'social_proofing', 'display': '300+ bought in last month', 'long_description': 'This item was bought over 300 times this month.', 'ornament_type': 'guest', 'template_type': 'bold_prefix_with_text'}], 'item': {'relationship_type_code': 'SA', 'product_classification': {'item_type': {'name': 'Collectible Trading Cards', 'type': '39980041'}}, 'product_description': {'title': 'Pok&#233;mon Trading Card Game: Mega Charizard Y Tin'}, 'enrichment': {'buy_url': 'https://www.target.com/p/pok-233-mon-trading-card-game-mega-charizard-y-tin/-/A-95138474'}, 'choking_hazard': [{'code': 'choking_hazard_small_parts', 'message': 'WARNING: choking hazard - small parts. Not for children under 3 yrs.'}], 'fulfillment': {}, 'merchandise_classification': {'class_id': 0, 'department_id': 361}}, 'fulfillment': {'product_id': '95138474', 'is_out_of_stock_in_all_store_locations': True, 'sold_out': False, 'shipping_options': {'availability_status': 'OUT_OF_STOCK', 'loyalty_availability_status': 'OUT_OF_STOCK', 'services': []}, 'store_options': [{'search_response_store_type': 'PRIMARY', 'location_available_to_promise_quantity': 0, 'pre_order_location_available_to_promise_quantity': 0, 'location_id': '865', 'store': {'location_name': 'Gurnee'}, 'order_pickup': {'availability_status': 'UNAVAILABLE'}, 'ship_to_store': {'availability_status': 'UNAVAILABLE'}, 'in_store_only': {'availability_status': 'NOT_SOLD_IN_STORE'}}]}}, {'__typename': 'ProductSummary', 'tcin': '91619960', 'desirability_cues': [{'code': 'highly_rated', 'display': 'Highly rated', 'long_description': 'Based on average star rating, number of ratings and reviews (including incentivized), and verified purchases.'}], 'ornaments': [{'ornament': 'highly_rated', 'display': 'Highly rated', 'long_description': 'Based on average star rating, number of ratings and reviews (including incentivized), and verified purchases.', 'ornament_type': 'guest', 'template_type': 'light_marker_with_star'}], 'item': {'relationship_type_code': 'SA', 'product_classification': {'item_type': {'name': 'Collectible Trading Cards', 'type': '39980041'}}, 'product_description': {'title': 'Pok&#233;mon Trading Card Game: Scarlet &#38; Violet&#8212; Twilight Masquerade Elite Trainer Box'}, 'enrichment': {'buy_url': 'https://www.target.com/p/pok-233-mon-trading-card-game-scarlet-38-violet-8212-twilight-masquerade-elite-trainer-box/-/A-91619960'}, 'choking_hazard': [{'code': 'choking_hazard_small_parts', 'message': 'WARNING: choking hazard - small parts. Not for children under 3 yrs.'}], 'fulfillment': {}, 'merchandise_classification': {'class_id': 12, 'department_id': 87}, 'eligibility_rules': {}}, 'fulfillment': {'product_id': '91619960', 'is_out_of_stock_in_all_store_locations': True, 'sold_out': False, 'shipping_options': {'availability_status': 'OUT_OF_STOCK', 'loyalty_availability_status': 'OUT_OF_STOCK', 'services': []}, 'store_options': [{'search_response_store_type': 'PRIMARY', 'location_available_to_promise_quantity': 0, 'pre_order_location_available_to_promise_quantity': 0, 'location_id': '865', 'store': {'location_name': 'Gurnee'}, 'order_pickup': {'availability_status': 'UNAVAILABLE'}, 'ship_to_store': {'availability_status': 'UNAVAILABLE'}, 'in_store_only': {'availability_status': 'OUT_OF_STOCK'}}]}}, {'__typename': 'ProductSummary', 'tcin': '94681790', 'desirability_cues': [{'code': 'social_proofing', 'display': '2k+ bought in last month', 'long_description': 'This item was bought over 2k times this month.'}], 'ornaments': [{'ornament': 'social_proofing', 'display': '2k+ bought in last month', 'long_description': 'This item was bought over 2k times this month.', 'ornament_type': 'guest', 'template_type': 'bold_prefix_with_text'}], 'item': {'relationship_type_code': 'SA', 'product_classification': {'item_type': {'name': 'Collectible Trading Cards', 'type': '39980041'}}, 'product_description': {'title': 'Pok&#233;mon Trading Card Game : Charizard X ex Ultra-Premium Collection'}, 'enrichment': {'buy_url': 'https://www.target.com/p/pok-233-mon-trading-card-game-charizard-x-ex-ultra-premium-collection/-/A-94681790'}, 'choking_hazard': [{'code': 'choking_hazard_small_parts', 'message': 'WARNING: choking hazard - small parts. Not for children under 3 yrs.'}], 'fulfillment': {}, 'merchandise_classification': {'class_id': 12, 'department_id': 87}, 'eligibility_rules': {}}, 'fulfillment': {'product_id': '94681790', 'is_out_of_stock_in_all_store_locations': True, 'sold_out': False, 'shipping_options': {'availability_status': 'OUT_OF_STOCK', 'loyalty_availability_status': 'OUT_OF_STOCK', 'services': []}, 'store_options': [{'search_response_store_type': 'PRIMARY', 'location_available_to_promise_quantity': 0, 'pre_order_location_available_to_promise_quantity': 0, 'location_id': '865', 'store': {'location_name': 'Gurnee'}, 'order_pickup': {'availability_status': 'UNAVAILABLE'}, 'ship_to_store': {'availability_status': 'UNAVAILABLE'}, 'in_store_only': {'availability_status': 'OUT_OF_STOCK'}}]}}, {'__typename': 'ProductSummary', 'tcin': '94636866', 'desirability_cues': [{'code': 'social_proofing', 'display': '200+ bought in last month', 'long_description': 'This item was bought over 200 times this month.'}], 'ornaments': [{'ornament': 'social_proofing', 'display': '200+ bought in last month', 'long_description': 'This item was bought over 200 times this month.', 'ornament_type': 'guest', 'template_type': 'bold_prefix_with_text'}], 'item': {'relationship_type_code': 'SA', 'product_classification': {'item_type': {'name': 'Collectible Trading Cards', 'type': '39980041'}}, 'product_description': {'title': 'Pok&#233;mon Trading Card Game: Unova Victini Illustration Collection'}, 'enrichment': {'buy_url': 'https://www.target.com/p/pok-233-mon-trading-card-game-unova-victini-illustration-collection/-/A-94636866'}, 'choking_hazard': [{'code': 'choking_hazard_small_parts', 'message': 'WARNING: choking hazard - small parts. Not for children under 3 yrs.'}], 'fulfillment': {}, 'merchandise_classification': {'class_id': 12, 'department_id': 87}, 'eligibility_rules': {}}, 'fulfillment': {'product_id': '94636866', 'is_out_of_stock_in_all_store_locations': True, 'sold_out': False, 'shipping_options': {'availability_status': 'OUT_OF_STOCK', 'loyalty_availability_status': 'OUT_OF_STOCK', 'services': []}, 'store_options': [{'search_response_store_type': 'PRIMARY', 'location_available_to_promise_quantity': 0, 'pre_order_location_available_to_promise_quantity': 0, 'location_id': '865', 'store': {'location_name': 'Gurnee'}, 'order_pickup': {'availability_status': 'UNAVAILABLE'}, 'ship_to_store': {'availability_status': 'UNAVAILABLE'}, 'in_store_only': {'availability_status': 'OUT_OF_STOCK'}}]}}, {'__typename': 'ProductSummary', 'tcin': '95138464', 'desirability_cues': [{'code': 'social_proofing', 'display': '600+ bought in last month', 'long_description': 'This item was bought over 600 times this month.'}], 'ornaments': [{'ornament': 'social_proofing', 'display': '600+ bought in last month', 'long_description': 'This item was bought over 600 times this month.', 'ornament_type': 'guest', 'template_type': 'bold_prefix_with_text'}], 'item': {'relationship_type_code': 'SA', 'product_classification': {'item_type': {'name': 'Collectible Trading Cards', 'type': '39980041'}}, 'product_description': {'title': 'Pok&#233;mon Trading Card Game: Mega Charizard X Tin'}, 'enrichment': {'buy_url': 'https://www.target.com/p/pok-233-mon-trading-card-game-mega-charizard-x-tin/-/A-95138464'}, 'choking_hazard': [{'code': 'choking_hazard_small_parts', 'message': 'WARNING: choking hazard - small parts. Not for children under 3 yrs.'}], 'fulfillment': {}, 'merchandise_classification': {'class_id': 0, 'department_id': 361}}, 'fulfillment': {'product_id': '95138464', 'is_out_of_stock_in_all_store_locations': True, 'sold_out': False, 'shipping_options': {'availability_status': 'OUT_OF_STOCK', 'loyalty_availability_status': 'OUT_OF_STOCK', 'services': []}, 'store_options': [{'search_response_store_type': 'PRIMARY', 'location_available_to_promise_quantity': 0, 'pre_order_location_available_to_promise_quantity': 0, 'location_id': '865', 'store': {'location_name': 'Gurnee'}, 'order_pickup': {'availability_status': 'UNAVAILABLE'}, 'ship_to_store': {'availability_status': 'UNAVAILABLE'}, 'in_store_only': {'availability_status': 'NOT_SOLD_IN_STORE'}}]}}, {'__typename': 'ProductSummary', 'tcin': '1008581387', 'desirability_cues': [{'code': 'social_proofing', 'display': '22k+ bought in last month', 'long_description': 'This item was bought over 22k times this month.'}], 'ornaments': [{'ornament': 'social_proofing', 'display': '22k+ bought in last month', 'long_description': 'This item was bought over 22k times this month.', 'ornament_type': 'guest', 'template_type': 'bold_prefix_with_text'}], 'item': {'relationship_type_code': 'SA', 'product_classification': {'item_type': {'name': 'Collectible Trading Cards', 'type': '39980041'}}, 'product_description': {'title': 'Pok&#233;mon Trading Card Game: Mega Evolution&#8212;Ascended Heroes Mega Emboar ex Box'}, 'enrichment': {'buy_url': 'https://www.target.com/p/pok-233-mon-trading-card-game-mega-evolutionascended-heroes-mega-emboar-ex-box/-/A-1008581387'}, 'choking_hazard': [{'code': 'choking_hazard_small_parts', 'message': 'WARNING: choking hazard - small parts. Not for children under 3 yrs.'}], 'fulfillment': {}, 'merchandise_classification': {'class_id': 0, 'department_id': 361}}, 'fulfillment': {'product_id': '1008581387', 'is_out_of_stock_in_all_store_locations': True, 'sold_out': False, 'shipping_options': {'availability_status': 'OUT_OF_STOCK', 'loyalty_availability_status': 'OUT_OF_STOCK', 'services': []}, 'store_options': [{'search_response_store_type': 'PRIMARY', 'location_available_to_promise_quantity': 0, 'pre_order_location_available_to_promise_quantity': 0, 'location_id': '865', 'store': {'location_name': 'Gurnee'}, 'order_pickup': {'availability_status': 'UNAVAILABLE'}, 'ship_to_store': {'availability_status': 'UNAVAILABLE'}, 'in_store_only': {'availability_status': 'NOT_SOLD_IN_STORE'}}]}}, {'__typename': 'ProductSummary', 'tcin': '95163305', 'desirability_cues': [{'code': 'social_proofing', 'display': '22k+ bought in last month', 'long_description': 'This item was bought over 22k times this month.'}], 'ornaments': [{'ornament': 'social_proofing', 'display': '22k+ bought in last month', 'long_description': 'This item was bought over 22k times this month.', 'ornament_type': 'guest', 'template_type': 'bold_prefix_with_text'}], 'item': {'relationship_type_code': 'SA', 'product_classification': {'item_type': {'name': 'Collectible Trading Cards', 'type': '39980041'}}, 'product_description': {'title': 'Pok&#233;mon Trading Card Game: Mega Evolution&#8212;Ascended Heroes Mega Meganium ex Box'}, 'enrichment': {'buy_url': 'https://www.target.com/p/pok-233-mon-trading-card-game-mega-evolutionascended-heroes-mega-meganium-ex-box/-/A-95163305'}, 'choking_hazard': [{'code': 'choking_hazard_small_parts', 'message': 'WARNING: choking hazard - small parts. Not for children under 3 yrs.'}], 'fulfillment': {}, 'merchandise_classification': {'class_id': 0, 'department_id': 361}}, 'fulfillment': {'product_id': '95163305', 'is_out_of_stock_in_all_store_locations': True, 'sold_out': False, 'shipping_options': {'availability_status': 'OUT_OF_STOCK', 'loyalty_availability_status': 'OUT_OF_STOCK', 'services': []}, 'store_options': [{'search_response_store_type': 'PRIMARY', 'location_available_to_promise_quantity': 0, 'pre_order_location_available_to_promise_quantity': 0, 'location_id': '865', 'store': {'location_name': 'Gurnee'}, 'order_pickup': {'availability_status': 'UNAVAILABLE'}, 'ship_to_store': {'availability_status': 'UNAVAILABLE'}, 'in_store_only': {'availability_status': 'NOT_SOLD_IN_STORE'}}]}}, {'__typename': 'ProductSummary', 'tcin': '95163306', 'desirability_cues': [{'code': 'social_proofing', 'display': '30k+ bought in last month', 'long_description': 'This item was bought over 30k times this month.'}], 'ornaments': [{'ornament': 'social_proofing', 'display': '30k+ bought in last month', 'long_description': 'This item was bought over 30k times this month.', 'ornament_type': 'guest', 'template_type': 'bold_prefix_with_text'}], 'item': {'relationship_type_code': 'SA', 'product_classification': {'item_type': {'name': 'Collectible Trading Cards', 'type': '39980041'}}, 'product_description': {'title': 'Pok&#233;mon Trading Card Game: Mega Evolution&#8212;Ascended Heroes Mega Feraligatr ex Box'}, 'enrichment': {'buy_url': 'https://www.target.com/p/pok-233-mon-trading-card-game-mega-evolutionascended-heroes-mega-feraligatr-ex-box/-/A-95163306'}, 'choking_hazard': [{'code': 'choking_hazard_small_parts', 'message': 'WARNING: choking hazard - small parts. Not for children under 3 yrs.'}], 'fulfillment': {}, 'merchandise_classification': {'class_id': 0, 'department_id': 361}}, 'fulfillment': {'product_id': '95163306', 'is_out_of_stock_in_all_store_locations': True, 'sold_out': False, 'shipping_options': {'availability_status': 'OUT_OF_STOCK', 'loyalty_availability_status': 'OUT_OF_STOCK', 'services': []}, 'store_options': [{'search_response_store_type': 'PRIMARY', 'location_available_to_promise_quantity': 0, 'pre_order_location_available_to_promise_quantity': 0, 'location_id': '865', 'store': {'location_name': 'Gurnee'}, 'order_pickup': {'availability_status': 'UNAVAILABLE'}, 'ship_to_store': {'availability_status': 'UNAVAILABLE'}, 'in_store_only': {'availability_status': 'NOT_SOLD_IN_STORE'}}]}}, {'__typename': 'ProductSummary', 'tcin': '95225595', 'desirability_cues': [{'code': 'bestseller', 'display': 'Bestseller', 'long_description': 'Based on sales and guest views of this item within the last 30 days.'}], 'ornaments': [{'ornament': 'bestseller', 'display': 'Bestseller', 'long_description': 'Based on sales and guest views of this item within the last 30 days.', 'ornament_type': 'guest', 'template_type': 'dark_marker_with_trophy'}], 'item': {'relationship_type_code': 'SA', 'product_classification': {'item_type': {'name': 'Collectible Trading Cards', 'type': '39980041'}}, 'product_description': {'title': 'Pok&#233;mon Trading Card Game: First Partner Illustration Collection Series 1'}, 'enrichment': {'buy_url': 'https://www.target.com/p/pok-233-mon-trading-card-game-first-partner-illustration-collection-series-1/-/A-95225595'}, 'choking_hazard': [{'code': 'choking_hazard_small_parts', 'message': 'WARNING: choking hazard - small parts. Not for children under 3 yrs.'}], 'fulfillment': {}, 'merchandise_classification': {'class_id': 0, 'department_id': 361}}, 'fulfillment': {'product_id': '95225595', 'is_out_of_stock_in_all_store_locations': True, 'sold_out': False, 'shipping_options': {'availability_status': 'OUT_OF_STOCK', 'loyalty_availability_status': 'OUT_OF_STOCK', 'services': []}, 'store_options': [{'search_response_store_type': 'PRIMARY', 'location_available_to_promise_quantity': 0, 'pre_order_location_available_to_promise_quantity': 0, 'location_id': '865', 'store': {'location_name': 'Gurnee'}, 'order_pickup': {'availability_status': 'UNAVAILABLE'}, 'ship_to_store': {'availability_status': 'UNAVAILABLE'}, 'in_store_only': {'availability_status': 'OUT_OF_STOCK'}}]}}, {'__typename': 'ProductSummary', 'tcin': '95120834', 'desirability_cues': [{'code': 'bestseller', 'display': 'Bestseller', 'long_description': 'Based on sales and guest views of this item within the last 30 days.'}], 'ornaments': [{'ornament': 'bestseller', 'display': 'Bestseller', 'long_description': 'Based on sales and guest views of this item within the last 30 days.', 'ornament_type': 'guest', 'template_type': 'dark_marker_with_trophy'}], 'item': {'relationship_type_code': 'SA', 'product_classification': {'item_type': {'name': 'Collectible Trading Cards', 'type': '39980041'}}, 'product_description': {'title': 'Pok&#233;mon Trading Card Game: Mega Evolution Ascended Heroes Booster Bundle'}, 'enrichment': {'buy_url': 'https://www.target.com/p/pok-233-mon-trading-card-game-mega-evolution-ascended-heroes-booster-bundle/-/A-95120834'}, 'choking_hazard': [{'code': 'choking_hazard_small_parts', 'message': 'WARNING: choking hazard - small parts. Not for children under 3 yrs.'}], 'fulfillment': {}, 'merchandise_classification': {'class_id': 0, 'department_id': 361}}, 'fulfillment': {'product_id': '95120834', 'is_out_of_stock_in_all_store_locations': True, 'sold_out': False, 'shipping_options': {'availability_status': 'OUT_OF_STOCK', 'loyalty_availability_status': 'OUT_OF_STOCK', 'services': []}, 'store_options': [{'search_response_store_type': 'PRIMARY', 'location_available_to_promise_quantity': 0, 'pre_order_location_available_to_promise_quantity': 0, 'location_id': '865', 'store': {'location_name': 'Gurnee'}, 'order_pickup': {'availability_status': 'UNAVAILABLE'}, 'ship_to_store': {'availability_status': 'UNAVAILABLE'}, 'in_store_only': {'availability_status': 'OUT_OF_STOCK'}}]}}, {'__typename': 'ProductSummary', 'tcin': '95082118', 'desirability_cues': [{'code': 'social_proofing', 'display': '52k+ bought in last month', 'long_description': 'This item was bought over 52k times this month.'}], 'ornaments': [{'ornament': 'social_proofing', 'display': '52k+ bought in last month', 'long_description': 'This item was bought over 52k times this month.', 'ornament_type': 'guest', 'template_type': 'bold_prefix_with_text'}], 'item': {'relationship_type_code': 'SA', 'product_classification': {'item_type': {'name': 'Collectible Trading Cards', 'type': '39980041'}}, 'product_description': {'title': 'Pok&#233;mon Trading Card Game: Mega Evolution&#8212; Ascended Heroes Elite Trainer Box'}, 'enrichment': {'buy_url': 'https://www.target.com/p/2025-pok-me-2-5-elite-trainer-box/-/A-95082118'}, 'choking_hazard': [{'code': 'choking_hazard_small_parts', 'message': 'WARNING: choking hazard - small parts. Not for children under 3 yrs.'}], 'fulfillment': {}, 'merchandise_classification': {'class_id': 0, 'department_id': 361}}, 'fulfillment': {'product_id': '95082118', 'is_out_of_stock_in_all_store_locations': True, 'sold_out': False, 'shipping_options': {'availability_status': 'OUT_OF_STOCK', 'loyalty_availability_status': 'OUT_OF_STOCK', 'services': []}, 'store_options': [{'search_response_store_type': 'PRIMARY', 'location_available_to_promise_quantity': 0, 'pre_order_location_available_to_promise_quantity': 0, 'location_id': '865', 'store': {'location_name': 'Gurnee'}, 'order_pickup': {'availability_status': 'UNAVAILABLE'}, 'ship_to_store': {'availability_status': 'UNAVAILABLE'}, 'in_store_only': {'availability_status': 'OUT_OF_STOCK'}}]}}, {'__typename': 'ProductSummary', 'tcin': '95093982', 'desirability_cues': [{'code': 'social_proofing', 'display': '25k+ bought in last month', 'long_description': 'This item was bought over 25k times this month.'}], 'ornaments': [{'ornament': 'social_proofing', 'display': '25k+ bought in last month', 'long_description': 'This item was bought over 25k times this month.', 'ornament_type': 'guest', 'template_type': 'bold_prefix_with_text'}], 'item': {'relationship_type_code': 'SA', 'product_classification': {'item_type': {'name': 'Collectible Trading Cards', 'type': '39980041'}}, 'product_description': {'title': 'Pok&#233;mon Trading Card Game: Mega Evolution Ascended Heroes Premium Poster Collection Mega Gardevoir'}, 'enrichment': {'buy_url': 'https://www.target.com/p/pok-233-mon-trading-card-game-mega-evolution-ascended-heroes-premium-poster-collection-mega-gardevoir/-/A-95093982'}, 'choking_hazard': [{'code': 'choking_hazard_small_parts', 'message': 'WARNING: choking hazard - small parts. Not for children under 3 yrs.'}], 'fulfillment': {}, 'merchandise_classification': {'class_id': 0, 'department_id': 361}}, 'fulfillment': {'product_id': '95093982', 'is_out_of_stock_in_all_store_locations': True, 'sold_out': False, 'shipping_options': {'availability_status': 'OUT_OF_STOCK', 'loyalty_availability_status': 'OUT_OF_STOCK', 'services': []}, 'store_options': [{'search_response_store_type': 'PRIMARY', 'location_available_to_promise_quantity': 0, 'pre_order_location_available_to_promise_quantity': 0, 'location_id': '865', 'store': {'location_name': 'Gurnee'}, 'order_pickup': {'availability_status': 'UNAVAILABLE'}, 'ship_to_store': {'availability_status': 'UNAVAILABLE'}, 'in_store_only': {'availability_status': 'NOT_SOLD_IN_STORE'}}]}}, {'__typename': 'ProductSummary', 'tcin': '95093981', 'desirability_cues': [{'code': 'social_proofing', 'display': '25k+ bought in last month', 'long_description': 'This item was bought over 25k times this month.'}], 'ornaments': [{'ornament': 'social_proofing', 'display': '25k+ bought in last month', 'long_description': 'This item was bought over 25k times this month.', 'ornament_type': 'guest', 'template_type': 'bold_prefix_with_text'}], 'item': {'relationship_type_code': 'SA', 'product_classification': {'item_type': {'name': 'Collectible Trading Cards', 'type': '39980041'}}, 'product_description': {'title': 'Pok&#233;mon Trading Card Game: Mega Evolution Ascended Heroes Premium Poster Collection Mega Lucario'}, 'enrichment': {'buy_url': 'https://www.target.com/p/pok-233-mon-trading-card-game-mega-evolution-ascended-heroes-premium-poster-collection-mega-lucario/-/A-95093981'}, 'choking_hazard': [{'code': 'choking_hazard_small_parts', 'message': 'WARNING: choking hazard - small parts. Not for children under 3 yrs.'}], 'fulfillment': {}, 'merchandise_classification': {'class_id': 0, 'department_id': 361}}, 'fulfillment': {'product_id': '95093981', 'is_out_of_stock_in_all_store_locations': True, 'sold_out': False, 'shipping_options': {'availability_status': 'OUT_OF_STOCK', 'loyalty_availability_status': 'OUT_OF_STOCK', 'services': []}, 'store_options': [{'search_response_store_type': 'PRIMARY', 'location_available_to_promise_quantity': 0, 'pre_order_location_available_to_promise_quantity': 0, 'location_id': '865', 'store': {'location_name': 'Gurnee'}, 'order_pickup': {'availability_status': 'UNAVAILABLE'}, 'ship_to_store': {'availability_status': 'UNAVAILABLE'}, 'in_store_only': {'availability_status': 'NOT_SOLD_IN_STORE'}}]}}, {'__typename': 'ProductSummary', 'tcin': '95093989', 'desirability_cues': [{'code': 'highly_rated', 'display': 'Highly rated', 'long_description': 'Based on average star rating, number of ratings and reviews (including incentivized), and verified purchases.'}], 'ornaments': [{'ornament': 'highly_rated', 'display': 'Highly rated', 'long_description': 'Based on average star rating, number of ratings and reviews (including incentivized), and verified purchases.', 'ornament_type': 'guest', 'template_type': 'light_marker_with_star'}], 'item': {'relationship_type_code': 'SA', 'product_classification': {'item_type': {'name': 'Collectible Trading Cards', 'type': '39980041'}}, 'product_description': {'title': 'Pok&#233;mon Trading Card Game: Mega Evolution Ascended Heroes First Partners Deluxe Pin Collection'}, 'enrichment': {'buy_url': 'https://www.target.com/p/pok-233-mon-trading-card-game-mega-evolution-ascended-heroes-first-partners-deluxe-pin-collection/-/A-95093989'}, 'choking_hazard': [{'code': 'choking_hazard_small_parts', 'message': 'WARNING: choking hazard - small parts. Not for children under 3 yrs.'}], 'fulfillment': {}, 'merchandise_classification': {'class_id': 0, 'department_id': 361}}, 'fulfillment': {'product_id': '95093989', 'is_out_of_stock_in_all_store_locations': True, 'sold_out': False, 'shipping_options': {'availability_status': 'OUT_OF_STOCK', 'loyalty_availability_status': 'OUT_OF_STOCK', 'services': []}, 'store_options': [{'search_response_store_type': 'PRIMARY', 'location_available_to_promise_quantity': 0, 'pre_order_location_available_to_promise_quantity': 0, 'location_id': '865', 'store': {'location_name': 'Gurnee'}, 'order_pickup': {'availability_status': 'UNAVAILABLE'}, 'ship_to_store': {'availability_status': 'UNAVAILABLE'}, 'in_store_only': {'availability_status': 'OUT_OF_STOCK'}}]}}]}}, '__body_text': '{"errors":[{"message":"No product found with tcin 94300069","locations":[{"line":42,"column":3}],"extensions":{"classification":"DataFetchingException"}}],"data":{"product_summaries":[{"__typename":"ProductSummary","tcin":"50270379","desirability_cues":[{"code":"highly_rated","display":"Highly rated","long_description":"Based on average star rating, number of ratings and reviews (including incentivized), and verified purchases."}],"ornaments":[{"ornament":"highly_rated","display":"Highly rated","long_description":"Based on average star rating, number of ratings and reviews (including incentivized), and verified purchases.","ornament_type":"guest","template_type":"light_marker_with_star"}],"item":{"relationship_type_code":"SA","product_classification":{"item_type":{"name":"Chewing Gum and M'}, unserializable_value=None, description=None, deep_serialized_value=None, object_id=None, preview=None, custom_preview=None), None)

During handling of the above exception, another exception occurred:

Traceback (most recent call last):
  File "C:\Users\elric\Desktop\testScraper\venv\Lib\site-packages\zendriver\core\connection.py", line 780, in listener_loop
    tx(**message)
  File "C:\Users\elric\Desktop\testScraper\venv\Lib\site-packages\zendriver\core\connection.py", line 126, in __call__
    return self.set_result(e.value)
           ^^^^^^^^^^^^^^^^^^^^^^^^
asyncio.exceptions.InvalidStateError: invalid state

[INVESTIGATE] stopping ...
2026-05-21 23:36:04,055 INFO [MULTI_SESSION] stopped
2026-05-21 23:36:04,058 INFO [STOCK] stopped

==============================================================================
[SUMMARY] elapsed=249.2s sweeps=712 dispatched=712 200=706 403=0 other=6

==============================================================================
[FIX #1 — PRODUCT NAMES from RedSky]
  tcin          http  avail            config name                        redsky title
  50270379      200   IN_STOCK         Extra Sugar-Free Polar Ice Mint C  Extra Sugar-Free Polar Ice Mint Chewing Gum - 35ct
  1011206804    200   OUT_OF_STOCK     Pokémon Trading Card Game: Scarle  Pokémon Trading Card Game: Scarlet & Violet—Prismatic Evolutions Elite Trainer Box
  95138474      200   OUT_OF_STOCK     Product 95138474                   Pokémon Trading Card Game: Mega Charizard Y Tin
  91619960      200   OUT_OF_STOCK     Product 91619960                   Pokémon Trading Card Game: Scarlet & Violet— Twilight Masquerade Elite Trainer Box
  94681790      200   OUT_OF_STOCK     Product 94681790                   Pokémon Trading Card Game : Charizard X ex Ultra-Premium Collection
  94636866      200   OUT_OF_STOCK     Product 94636866                   Pokémon Trading Card Game: Unova Victini Illustration Collection
  95138464      200   OUT_OF_STOCK     Product 95138464                   Pokémon Trading Card Game: Mega Charizard X Tin
  94300069      0     UNKNOWN          Product 94300069                   
  1008581387    200   OUT_OF_STOCK     Product 1008581387                 Pokémon Trading Card Game: Mega Evolution—Ascended Heroes Mega Emboar ex Box
  95163305      200   OUT_OF_STOCK     Product 95163305                   Pokémon Trading Card Game: Mega Evolution—Ascended Heroes Mega Meganium ex Box
  95163306      200   OUT_OF_STOCK     Product 95163306                   Pokémon Trading Card Game: Mega Evolution—Ascended Heroes Mega Feraligatr ex Box
  95225595      200   OUT_OF_STOCK     Product 95225595                   Pokémon Trading Card Game: First Partner Illustration Collection Series 1
  95120834      200   OUT_OF_STOCK     Product 95120834                   Pokémon Trading Card Game: Mega Evolution Ascended Heroes Booster Bundle
  95082118      200   OUT_OF_STOCK     Product 95082118                   Pokémon Trading Card Game: Mega Evolution— Ascended Heroes Elite Trainer Box
  95093982      200   OUT_OF_STOCK     Pokémon Trading Card Game: Mega E  Pokémon Trading Card Game: Mega Evolution Ascended Heroes Premium Poster Collection Mega Gardevoir
  95093981      200   OUT_OF_STOCK     Product 95093981                   Pokémon Trading Card Game: Mega Evolution Ascended Heroes Premium Poster Collection Mega Lucario
  95093989      200   OUT_OF_STOCK     Product 95093989                   Pokémon Trading Card Game: Mega Evolution Ascended Heroes First Partners Deluxe Pin Collection
  94681776      200   OUT_OF_STOCK     Product 94681776                   Pokémon Trading Card Game: Mega Evolution Elite Trainer Box- Lucario
  93954446      200   OUT_OF_STOCK     Product 93954446                   Pokémon Trading Card Game: Scarlet & Violet—Prismatic Evolutions Booster Bundle
  91619929      200   OUT_OF_STOCK     Product 91619929                   Pokémon Trading Card Game: Scarlet & Violet - Surging Sparks Booster Bundle
  91619922      200   OUT_OF_STOCK     Product 91619922                   Pokémon Trading Card Game: Scarlet & Violet - Surging Sparks Elite Trainer Box
  94681784      200   OUT_OF_STOCK     Product 94681784                   Pokémon Trading Card Game: Mega Evolution Elite Trainer Box- Gardevoir
  94860231      200   OUT_OF_STOCK     Product 94860231                   Pokémon Trading Card Game: Mega Evolution— Phantasmal Flames Elite Trainer Box
  94884496      200   OUT_OF_STOCK     Product 94884496                   Pokémon Trading Card Game: Mega Evolution— Phantasmal Flames Booster Bundle
  94300067      200   OUT_OF_STOCK     Product 94300067                   Pokémon Trading Card Game: Scarlet & Violet— Destined Rivals Booster Bundle
  95298172      200   OUT_OF_STOCK     Pokémon Trading Card Game: Mega E  Pokémon Trading Card Game: Mega Evolution Chaos Rising Booster Bundle
  1010679865    200   OUT_OF_STOCK     Pokémon Trading Card Game: Mega E  Pokémon Trading Card Game: Mega Evolution Chaos Rising Booster Display
  95267143      200   OUT_OF_STOCK     Pokémon Trading Card Game: Mega E  Pokémon Trading Card Game: Mega Evolution Chaos Rising Elite Trainer Box
  94886127      200   OUT_OF_STOCK     Pokémon Trading Card Game: Mega E  Pokémon Trading Card Game: Mega Evolution Booster Display
  94681782      200   OUT_OF_STOCK     Pokémon Trading Card Game: Mega E  Pokémon Trading Card Game: Mega Evolution Booster Bundle
  94300072      200   OUT_OF_STOCK     Pokémon Trading Card Game: Scarle  Pokémon Trading Card Game: Scarlet & Violet—Prismatic Evolutions Super-Premium Collection
  94724987      200   OUT_OF_STOCK     Pokémon Trading Card Game: Bloomi  Pokémon Trading Card Game: Blooming Waters Premium Collection
  1010892073    200   OUT_OF_STOCK     Product 1010892073                 Pokémon Trading Card Game: Mega Moonlit Tin- Mega Clefable
  1010892077    200   OUT_OF_STOCK     Product 1010892077                 Pokémon Trading Card Game: Mega Moonlit Tin- Mega Gengar

==============================================================================
[FIX #2 — PER-IP PROXY HEALTH (browser path, no preflight)]
  ip                 /16           status   200   403   last  verdict
  109.203.188.232    109.203.x.x   active   50    0     200   CLEAN
  168.158.141.141    168.158.x.x   active   53    0     200   CLEAN
  168.158.53.131     168.158.x.x   active   38    0     200   CLEAN
  168.158.75.7       168.158.x.x   active   47    0     200   CLEAN
  31.105.133.83      31.105.x.x    active   52    0     200   CLEAN
  31.105.153.101     31.105.x.x    active   0     0     0     UNTESTED (session never went ready?)
  31.105.155.55      31.105.x.x    active   6     0     200   CLEAN
  31.105.18.86       31.105.x.x    active   52    0     200   CLEAN
  31.105.183.245     31.105.x.x    active   54    0     200   CLEAN
  31.105.93.225      31.105.x.x    active   50    0     200   CLEAN
  31.98.154.172      31.98.x.x     active   52    0     200   CLEAN
  72.56.171.184      72.56.x.x     active   50    0     200   CLEAN
  75.153.114.122     75.153.x.x    active   54    0     200   CLEAN
  75.153.120.117     75.153.x.x    active   46    0     200   CLEAN
  75.153.66.213      75.153.x.x    active   49    0     200   CLEAN
  75.153.74.14       75.153.x.x    active   53    0     200   CLEAN

  [PER-/16 SUBNET TOTALS]
    109.203.x.x   200=50    403=0     403-rate=0%
    168.158.x.x   200=138   403=0     403-rate=0%
    31.105.x.x    200=214   403=0     403-rate=0%
    31.98.x.x     200=52    403=0     403-rate=0%
    72.56.x.x     200=50    403=0     403-rate=0%
    75.153.x.x    200=202   403=0     403-rate=0%
