{
  "response_times": [
    8.148177146911621,
    32.37694501876831,
    17.57432198524475,
    8.317446231842041,
    10.935907125473022,
    4.070097923278809,
    7.917220115661621,
    7.630926132202148,
    6.745112180709839,
    18.70609712600708,
    24.434040069580078,
    7.471332788467407,
    25.83263373374939,
    22.447900772094727,
    13.547364711761475,
    14.142750978469849,
    14.780317783355713,
    120.72295188903809,
    9.408530950546265,
    16.527236223220825,
    120.60910320281982,
    8.778550148010254,
    9.52550983428955,
    120.99286818504333,
    6.5907227993011475,
    8.49341869354248,
    17.27333402633667,
    11.326189041137695,
    12.754749059677124,
    8.91229796409607,
    5.590128183364868,
    9.97531008720398,
    9.119300842285156,
    13.461321830749512,
    4.56076717376709,
    19.042300939559937,
    5.134739875793457,
    15.302907943725586,
    20.460865020751953,
    15.267229795455933,
    46.19190788269043,
    20.61698889732361,
    45.55504512786865,
    36.50892734527588,
    8.392125129699707,
    42.59447503089905,
    21.142082929611206,
    3.097625970840454,
    83.98497295379639,
    13.714735269546509
  ],
  "success_rate": 1.0,
  "threat_level": 0.0,
  "optimal_delays": [
    4.728269548561663,
    9.365292122991008,
    8.354704833427942,
    12.377234916248877,
    3.7855515927436323,
    18.229579266783283,
    4.414459067835,
    14.335076643053789,
    19.606739624408945,
    14.552504013546233,
    45.0,
    19.604993230076655,
    45.0,
    35.283460534957925,
    7.644418795744237,
    42.10156610364973,
    20.44029091215092,
    2.587305839255183,
    83.27857534164627,
    13.202624600113714
  ],
  "working_patterns": [],
  "failed_patterns": []
}